{"loss": [2.293554495571533, 2.2302733474660132, 1.1904319497694886, 1.2073151393623154, 1.0550804033113725, 1.0301621967496175, 0.9746595980449221, 1.0593334493075033, 0.9337605043622478, 1.0117969021018567, 0.9918327751381769, 1.0503526506264802, 1.2384172523694044, 1.1927814337967517, 1.1184570287154805, 1.0796293789291864, 1.1939632088499932, 1.0724379620158728, 1.2095872411632647, 1.1435737182109351, 1.107188037583665, 0.9362503624240658, 1.0692630283499902, 0.9486206499682633, 1.0286043470444046, 0.9477830651403102, 1.0079274733804953, 1.0019859337843215, 0.9264261175370387, 1.071894023779907, 1.0024836526630445], "acc": [0.23405154134905462, 0.11047739674855396, 0.5311575857493562, 0.5702365878882869, 0.5822771453264397, 0.5933671304141613, 0.6049852086727661, 0.5765737205504565, 0.6074144514265774, 0.6136459646078419, 0.6066751136374866, 0.6036121712570257, 0.597169411090491, 0.601711024727356, 0.6249471879680297, 0.625052811619623, 0.6235741428530412, 0.6241022389292414, 0.5970529866610413, 0.64001682623296, 0.6433311154263733, 0.6483945893552618, 0.6528305823402814, 0.6408956467060283, 0.6270248893298572, 0.676514029590911, 0.6660652117932606, 0.6473384006181043, 0.6540980136716824, 0.6536755363618617, 0.6421630750880445], "avg_client_acc": [0.6370457398891449, 0.12294587099701333], "avg_client_precision": [0.5705806970839766, 0.24994533589600984], "avg_client_recall": [0.6163119478724709, 0.1266364313995098], "avg_client_f1": [0.5367930544212172, 0.19064897490960306], "final_acc": 0.6422}