{"loss": [2.3047336804297687, 2.7285776170789817, 4.573571019501036, 4.865961058234483, 4.948838590568362, 3.1245916120906294, 3.389301517950768, 8.71969043335987, 3.981503967027348, 5.351945008010768, 5.388988089652116, 6.046749572538353, 5.260185753412775, 7.589595470516098, 6.444206654723304, 7.421585201637927, 4.140087134169787, 4.213250655865035, 6.797270750037517, 5.71912641418499, 15.913180444026024, 5.121228308983881, 5.744523665499073, 5.875800385290578, 4.844124221290573, 4.200668127559688, 7.492222339217049, 9.838253469874097, 4.784035931861899, 8.813373755794263, 4.582601809657773], "acc": [0.08607942578031626, 0.1034009297558173, 0.09938741194884587, 0.14385297805653988, 0.10847063754692306, 0.13931136418940177, 0.18388255217034302, 0.10794254376509325, 0.15800591494555985, 0.13339670345293028, 0.101816645768728, 0.1620194327179067, 0.14987325853246952, 0.10519645057766559, 0.10287283423754501, 0.1657160962520645, 0.14036755309919038, 0.2208491766798366, 0.12927756639768775, 0.14184621949821796, 0.08808618438964057, 0.13751584459564412, 0.1361427973353087, 0.23014364196880738, 0.2008871984540988, 0.14332488236809562, 0.1620194312801996, 0.10519645057766559, 0.13814955666333903, 0.10709759089045218, 0.14395859870666392], "avg_client_acc": [0.1451505007315427, 0.20148482048208088], "avg_client_precision": [0.12592353743618345, 0.2065228271166938], "avg_client_recall": [0.1423230355875443, 0.1957756994195409], "avg_client_f1": [0.10659025320715976, 0.137884666712487], "final_acc": 0.144}