{"loss": [2.2971776810486104, 2.366855445445012, 2.9147026500069346, 4.0649620159220285, 4.098026841287125, 2.418633766500669, 2.7747721866585304, 8.278837909993614, 3.8097536441428175, 4.910451632337727, 5.041503110728185, 6.379469269254714, 5.212479535819208, 6.43345165626631, 6.385106409860151, 7.3200870198089465, 3.484686668973257, 3.6405733649520164, 6.935238918776647, 5.351334951103464, 15.338674364736628, 5.233508973860468, 5.705160882183908, 5.498879163550787, 4.2907567753991245, 3.952259726894773, 6.3142003767793575, 6.722559923404472, 4.208590291601019, 7.143758518614243, 3.5706991116029583], "acc": [0.09114913371021544, 0.3253062952095509, 0.17881284280750745, 0.2078580469409764, 0.1588508655304537, 0.21049852074492986, 0.2607731286398547, 0.10773130538698285, 0.19138149553016742, 0.15061258830365784, 0.11681453272627322, 0.17036332889453337, 0.16455428767831304, 0.10519645057766559, 0.11787072251097193, 0.17247570955431002, 0.18419940761055595, 0.2577101829704519, 0.13329108495046482, 0.14311364784433078, 0.08808618438964057, 0.1641318143033991, 0.16930713938619196, 0.24429657879797212, 0.2360583022075505, 0.1512463034971066, 0.16825094937658103, 0.10530206950221653, 0.17596113088925933, 0.10699197195316293, 0.13329108682550397], "avg_client_acc": [0.1357271748315543, 0.19618717647756354], "avg_client_precision": [0.11989709116973297, 0.19515494650686308], "avg_client_recall": [0.1352692650914266, 0.1907908934806104], "avg_client_f1": [0.1005481147856574, 0.13168765386766437], "final_acc": 0.1333}