{"loss": [2.2928678268967273, 1.3319100515596667, 1.092357821539076, 1.0293567691629428, 1.0479962344493452, 0.9310660968488613, 1.0204662973549883, 0.8803264655591467, 0.9932890793707585, 1.2242787105149744, 1.0579662540125656, 0.892471085284826, 0.9352497146301598, 1.3550195242244834, 0.9781530180628862, 0.9560152492066905, 1.0382575424420315, 0.9474746117752509, 1.1964268588103755, 0.8947521859916091, 0.7796748867632217, 1.0780034268130896, 0.7873645857443125, 0.9291781483862308, 0.9496664303293145, 1.0887732646437098, 0.994111708621524, 0.8927633880996029, 0.7976039238595698, 0.7851056624349859, 1.0193389983360757], "acc": [0.09643007974472034, 0.5234474011794847, 0.5592522154793137, 0.5688635415866197, 0.5890367544391107, 0.6005492168996069, 0.5727714438213293, 0.6137515869814734, 0.6267427088536187, 0.614279678292072, 0.6254752803866149, 0.651140682509442, 0.661385719140698, 0.6434305018269668, 0.6714195165583289, 0.661385719140698, 0.6694127607179383, 0.658671291314297, 0.6665251565394547, 0.6694127584547497, 0.7022602442615788, 0.6708914230506431, 0.7050043901688599, 0.7011447288552856, 0.6760667475923285, 0.6959231071328381, 0.6810308425389403, 0.686734265678912, 0.7036464347266118, 0.7074226824340132, 0.6997099269314452], "avg_client_acc": [0.6912738475061598, 0.14632664678749072], "avg_client_precision": [0.6653053452579963, 0.24909666009611536], "avg_client_recall": [0.6781633262875817, 0.15344139663711756], "avg_client_f1": [0.6241893065044596, 0.20940344036707342], "final_acc": 0.6997}