{"loss": [2.2713368172892383, 1.796363156242648, 1.406034279410176, 1.0907369101844737, 0.8667778395924812, 0.7294862588202751, 0.634559788403728, 0.5383957695902779, 0.46144886108870414, 0.41623862464956723, 0.36735177028573107, 0.3300594992083882, 0.29909900989705895, 0.2832114214809848, 0.26318054870631546, 0.25166867868824744], "acc": [0.12925994533530993, 0.6492228687216437, 0.757307857897573, 0.7844716945070012, 0.8227577348370262, 0.8430058462493484, 0.8635391408016351, 0.8705974582295334, 0.8952659336515658, 0.907742765270897, 0.9162983039374633, 0.9275630975133357, 0.9334806826575989, 0.9349066027939855, 0.9361899303596132, 0.937473270444511], "avg_client_acc": [0.9309980404376984, 0.07221981296075859], "final_acc": 0.9375}