{"loss": [2.2120735531745344, 1.5153558250799781, 1.0239566282005192, 0.6956568307718842, 0.5166553931371064, 0.3955874225039991, 0.3134516408412259, 0.24622892368036145, 0.2083279733940094, 0.17628578192509395, 0.1509513694189545, 0.1369960068754398, 0.12120053276969961, 0.11578874924080307, 0.10775943788300478, 0.10006074870474563], "acc": [0.245187509920234, 0.766932838057105, 0.8830743001222304, 0.9334806754588061, 0.9443889902828934, 0.9547269363622939, 0.9565806358810431, 0.9627834028011549, 0.9648509934856908, 0.9681306129708434, 0.9699843163822103, 0.97105375819177, 0.9722657933157656, 0.9701269108312847, 0.9717667193244838, 0.974975047307162], "avg_client_acc": [0.9533368086814881, 0.06588407773537033], "final_acc": 0.975}