{"loss": [2.1844631620391004, 1.4619884861552443, 1.5121867642800202, 1.6293175139051115, 1.4790232530665626, 0.8365375217957344, 0.8452842207608725, 0.44963732784391186, 0.4178659322633696, 0.40689504780189756, 0.5175662408264416, 0.4081161079590307, 0.4337295511862726, 0.6370440459974767, 0.359547127112089, 0.364089381847579, 0.36096891226854877, 0.3566147777513638, 0.38960062953021884, 0.4091184519052528, 0.35215477903831915, 0.5728585384789663, 0.35048097154537394, 0.3719098123955956, 0.35803878839052367, 0.393165283068346, 0.4495224526612597, 0.4084400574840202, 0.4493474038590757, 0.3994835368341257, 0.4184136457185099], "acc": [0.16039077898381976, 0.5710898228431351, 0.5659679428518898, 0.5546808300265481, 0.6556957246829151, 0.7280660143282318, 0.7187707485419279, 0.8045148416713374, 0.8136204150792014, 0.8282272592335331, 0.7841221655804756, 0.8350564371156679, 0.8199753362099247, 0.78222517340027, 0.850042683869264, 0.850422081431277, 0.8508014811020382, 0.8588637036627298, 0.8620885850966434, 0.8554491192614072, 0.8556388158121156, 0.8252869203558097, 0.8535521262727539, 0.8625628334865572, 0.8669259281512581, 0.8626576899566314, 0.8509911805360217, 0.8557336653792902, 0.8527933238953123, 0.8563027569083712, 0.8619937403914621], "avg_client_acc": [0.8610090804100037, 0.06423065272333393], "final_acc": 0.862}