{"loss": [2.2991302489194134, 1.2755760514514558, 0.9083296183723206, 0.6675955683662873, 0.5624822830126067, 0.4751053165549358, 0.45375893426769137, 0.5026613544051904, 0.4480027247530866, 0.5246614823500345, 0.40881002886798706, 0.40198755456924573, 0.4090005300192117, 0.3931099136641692, 0.42433494809927685, 0.42170183349411006, 0.3683002232221909, 0.34730063199878225, 0.39567361282327645, 0.36758447984534015, 0.41540585445841, 0.374491171455017, 0.33081763938287, 0.336070302892577, 0.3599147485724767, 0.3602008369089552, 0.3737793445592812, 0.4089880582773062, 0.35035621119696864, 0.36142587384086605, 0.37394195307375844], "acc": [0.12776249767594972, 0.5366593945312463, 0.6407094804931724, 0.7154510079779774, 0.7399222248025471, 0.7834582160774947, 0.7941762305047767, 0.7864934063371598, 0.7998672092050232, 0.7707483658757346, 0.8265199684886432, 0.830788199542924, 0.8337285451369822, 0.8340130908195472, 0.822820830444655, 0.8302190990417695, 0.8471023409097276, 0.8615194898023445, 0.8368585746236061, 0.8534572693673617, 0.840842268690375, 0.8476714422362902, 0.8656928789668774, 0.8610452451550349, 0.8596225011272968, 0.8565873089397947, 0.8594328006587263, 0.8608555423798444, 0.863606182208021, 0.8551645598521916, 0.8572512571255148], "avg_client_acc": [0.8558496344089508, 0.07395181244678219], "final_acc": 0.8573}