{"loss": [2.3044392824466953, 2.8388847744375547, 4.401746041496825, 5.103067087830894, 5.8017396211714605, 3.1102450536243333, 3.7126458889447815, 10.016830141512909, 4.523091274025566, 5.547557428537143, 6.340862137189623, 6.477076149426092, 5.734855003429525, 7.043633839148538, 6.607792208647689, 7.3773037237889465, 3.9771100335472576, 3.964974656804264, 6.794245883380056, 5.668373607870049, 14.666439902179778, 5.1439307654230735, 5.512751889660747, 6.060656744067022, 4.3112037545373045, 4.330305413289393, 6.784799896849861, 7.309136428473899, 4.395976973984281, 7.815204173001417, 3.6713638341959407], "acc": [0.09722090396255588, 0.1356350192026565, 0.09171962285087319, 0.15356160470153873, 0.11334534779750711, 0.11609598821801827, 0.14274874229677023, 0.11334534779750711, 0.13952385322323765, 0.11116380533598343, 0.10803376613001071, 0.16029593103424733, 0.15858863805729254, 0.09409086538098359, 0.10509342809284501, 0.1669354066839257, 0.13535046756527608, 0.23342502052822142, 0.11647538538671691, 0.10566252460970911, 0.09617755816826996, 0.11770843338121668, 0.1373423133511847, 0.20146068729079336, 0.21720573029133805, 0.13326377657738653, 0.1663663090400756, 0.09409086538098359, 0.1549843503063329, 0.09703120441691612, 0.1572607407955177], "avg_client_acc": [0.15414289027452469, 0.20903597029708054], "final_acc": 0.1573}