{"loss": [2.2867006271396315, 2.1228860895626687, 2.909156070130493, 4.335163130113887, 4.2545229238158075, 2.4349608849633366, 2.9257172976817394, 7.815462620369366, 3.471630462526676, 4.694184318898604, 4.581442048977225, 5.0788060952400915, 4.301464791215598, 5.698395678669816, 5.209574124533345, 6.228245073038476, 3.3558414444054576, 3.271981258263661, 6.306557021545389, 4.739795646953095, 14.533087220192408, 4.613502489896333, 5.333497779595267, 5.508678990721782, 4.0625780768325725, 3.4965449335746293, 6.128366458040594, 6.483083404151875, 4.049097166097131, 6.875713360566269, 3.389445516452113], "acc": [0.1550791993573623, 0.29801764222322896, 0.14749122667009312, 0.25267950321496363, 0.17196244042234946, 0.22754434390956582, 0.23683960922720498, 0.11476809272794705, 0.20212463149884816, 0.1392393052387344, 0.1456890833259963, 0.1688323997916555, 0.18846627961138668, 0.09845394983178868, 0.109741061065499, 0.16816845267408997, 0.20904865719928856, 0.27515886967116954, 0.12586550255637588, 0.1895096270881793, 0.09617755816826996, 0.17082424390183717, 0.15555344775133947, 0.20506497189355938, 0.2712700359071371, 0.14749122692458808, 0.21454993810603257, 0.09409086538098359, 0.1864744384342351, 0.09456511416858433, 0.18125770622110862], "avg_client_acc": [0.174641272444278, 0.23151156307577964], "final_acc": 0.1813}