{"loss": [2.280337546127143, 1.9891678827606825, 2.3328158769133376, 2.0121766734772497, 1.7977673999611008, 1.409693372273357, 1.3442078129154125, 2.5353924581539427, 1.960689783497863, 1.4168613785945867, 1.5001432012760592, 2.5349909582438035, 1.2833461662274925, 1.9956581944961884, 1.935980362852109, 2.003606008877054, 1.1339178443893851, 1.345552104068488, 1.763327311373422, 1.6563020313257781, 3.159203598888179, 1.9840867395011441, 2.1005948856677987, 1.2861039995445858, 2.0425020909273193, 1.3115115777196757, 2.099757411480176, 1.5301556407313768, 1.4471765225034747, 2.2805778706013813, 2.1330391848626857], "acc": [0.1354018417719901, 0.3617990333631116, 0.3020210651424026, 0.395483441279717, 0.430306476508432, 0.4723408325723841, 0.5259512319672361, 0.32061865405648005, 0.45051712615491274, 0.5361988746250669, 0.4292627367825419, 0.4206281455081875, 0.5417022450723405, 0.340259986934986, 0.4811651951965043, 0.4365689340533127, 0.6281430915348704, 0.5047917223779111, 0.3739443946922618, 0.4669323489458763, 0.19603377909022499, 0.4112344580315515, 0.4243286870238292, 0.5491982205040186, 0.3551570399906386, 0.5474902712254416, 0.47774931119127667, 0.5138058577756895, 0.47699022829597665, 0.3376980734313376, 0.4681658641817756], "avg_client_acc": [0.40180115815252065, 0.22566393765529], "final_acc": 0.4682}