{"loss": [2.3072258582523735, 2.525059809109237, 3.8437327077135617, 4.10437619597899, 3.4501078596308763, 2.8336538835838248, 2.6317981929703946, 5.074698073201822, 3.146453991482839, 2.9227386284783936, 3.565694378510249, 4.430597366910244, 2.6378310968916834, 3.645873625021255, 3.5439599235728134, 3.6827433075462803, 2.4262039680749714, 2.61191855176869, 3.523227217058516, 3.1620752719584515, 6.009514781485157, 3.6290848691206254, 3.597338073579848, 2.2517070384210625, 2.9971562667978433, 3.0635921547111766, 3.2994849397715584, 3.167747140026871, 3.1124381326115644, 4.111549057378207, 3.1427536829337526], "acc": [0.10873896890703494, 0.17373564623280618, 0.09109023681106825, 0.15096309074015202, 0.1424233799246909, 0.1166144790772438, 0.18331910266115622, 0.11509631042573638, 0.1663345695092471, 0.13644558211376911, 0.10608217418478366, 0.14166429448709852, 0.17914413279663857, 0.10940316919562927, 0.1638675386775209, 0.15333523295730683, 0.1991650059084697, 0.16737830911332036, 0.12069456489720118, 0.13786886706332346, 0.09498054950097468, 0.15229148920302016, 0.1484960622492365, 0.19432583533392517, 0.17582313426277965, 0.1921434681887336, 0.18834803934608124, 0.15181705970720089, 0.1456494929856346, 0.13378878460435453, 0.21377739926012054], "avg_client_acc": [0.2322654748847708, 0.17017801195460738], "final_acc": 0.2138}