{"loss": [1.941462537590624, 1.04521086662859, 0.5388508182134265, 0.3180867859850159, 0.22144541103336002, 0.17339922666191657, 0.15408849336300404, 0.12966079287229376, 0.11614896579963363, 0.11055775763172537, 0.10590258775131253, 0.1006111508203729, 0.09116467493814658, 0.10360522324356262, 0.10202051266556517, 0.1185157334826553], "acc": [0.5566091485718326, 0.9005418534024234, 0.9446741777446833, 0.9560815653914173, 0.9617139597337188, 0.9647796955833451, 0.9610009970669058, 0.9677028395166483, 0.9698417192049039, 0.969770423656827, 0.9682732042539788, 0.9711963519651607, 0.9724083854360688, 0.9693426485962897, 0.9687722825670861, 0.9649222882093487], "avg_client_acc": [0.9405528330802917, 0.07732330327367816], "final_acc": 0.9649}