{"loss": [2.2688705357508465, 1.832980640584216, 1.4720370682469281, 1.1824359413128547, 1.0547607716464562, 0.8936454805705001, 0.8287168853053961, 0.7573450937363589, 0.6793769382744599, 0.6357036490143663, 0.71172843937882, 0.8456397244124292, 0.5258874263591574, 0.6241570709382911, 0.48141637775432394, 1.0125049173196627], "acc": [0.18380151379729454, 0.6547126804419902, 0.7779837471496595, 0.7818337320159543, 0.7528874975552525, 0.8025809275866846, 0.7930985304894707, 0.8219021841454451, 0.8380151150226763, 0.8402965939769081, 0.7690004329359789, 0.7077570246068027, 0.8862113279885306, 0.7955938994791, 0.894766860981904, 0.632896054758676], "avg_client_acc": [0.5943120966851712, 0.27306362456245525], "final_acc": 0.6329}