{"loss": [2.3100758629315727, 1.8767514014216882, 1.5324074201690612, 1.2422448013200411, 1.1115046873567584, 0.9492440370793147, 0.8834908506180308, 0.7837519023892, 0.7014422890090507, 0.6617783133658179, 0.7650667781813175, 0.9106041964127047, 0.5480641408018798, 0.5920938371679216, 0.48797274072190144, 1.0900768142963262], "acc": [0.1348210462188683, 0.6162127490109849, 0.7369171541163471, 0.7543847085141803, 0.7354912282345248, 0.759660625016232, 0.7630115529363206, 0.8082846175663042, 0.8402965915907675, 0.8408669638838558, 0.7520319426045274, 0.6877940980767738, 0.8746613441121471, 0.8233281031928762, 0.8969770395031639, 0.58683873038714], "avg_client_acc": [0.5506398986279964, 0.26098661395245604], "final_acc": 0.5868}