{"loss": [2.294520969127643, 2.062418567572352, 3.061861443930035, 2.748493662269905, 2.408194501570955, 1.7144383741580682, 2.033625217793642, 3.5777976257315083, 2.432872154528826, 1.8710990379264387, 1.9589746127338459, 3.5388165051521234, 1.4120541132458653, 2.4270807262741503, 2.456823067054298, 2.6152463370976, 1.6062773725944193, 1.836785474773219, 2.3418383116396693, 2.276888052771352, 4.2817950153796325, 2.427852069083285, 2.6605786474370916, 1.6444501108579592, 2.582070131973174, 1.9399186007711724, 2.526418327307165, 2.250008892653439, 2.0087483312818386, 3.0592650841413813, 2.4896505663700896], "acc": [0.09655695853440933, 0.3508489059656576, 0.1269088488425146, 0.18324955073175989, 0.32467039893804867, 0.38271839122515744, 0.35217679774452804, 0.14379208973948737, 0.394100351181907, 0.33093047594695923, 0.32097125945105387, 0.2905245200096345, 0.4725410251089453, 0.29773309294752376, 0.3872711752869707, 0.3008631308561552, 0.3733282793583307, 0.26510480791966357, 0.1954851567452906, 0.3733282756146224, 0.12852129413879065, 0.3290334784083141, 0.26576875582014775, 0.42862563119546837, 0.30484681988664464, 0.38205444421306467, 0.42540074074465084, 0.3314047242233617, 0.31442663611521404, 0.1652281127206594, 0.40140377410638833], "avg_client_acc": [0.38324120981618764, 0.323849161417718], "final_acc": 0.4014}