{"loss": [2.2892629614573323, 1.8516347882836899, 1.5018225107260992, 1.2067554313018785, 1.071839270957226, 0.9123265555091933, 0.8469419442013624, 0.757389942558479, 0.6821345397261587, 0.6443450730114697, 0.7545409948579342, 0.9447656856703036, 0.5286030243095442, 0.6451008598238177, 0.475807907093655, 1.189873892442853], "acc": [0.16221033814431246, 0.6901247767033637, 0.7847415298106624, 0.7839572165845338, 0.7625668444544236, 0.7987878771346734, 0.7831016071871215, 0.8331550733673382, 0.8482709446225362, 0.8491978601933375, 0.7504456396260151, 0.6609625691058589, 0.8791443848354931, 0.7766131972097883, 0.8934759369210976, 0.5271301273717387], "avg_client_acc": [0.5494502095878124, 0.2314225491672852], "final_acc": 0.5271}