{"loss": [2.2163820802889194, 1.5852456859003838, 1.097775432659768, 0.7650870762385574, 0.5554074701927137, 0.4171271613999909, 0.31413685156806054, 0.24258806091844504, 0.1908511254929816, 0.1549062834706642, 0.12352500898076252, 0.10349407614592243, 0.08653515739847845, 0.07410659269215589, 0.06459985483789721, 0.057211489599536765], "acc": [0.2184670225460474, 0.8167557914138053, 0.9105882327335616, 0.9408912636337008, 0.9577183597398101, 0.9653475859925921, 0.9723351195024297, 0.9781105223866495, 0.9811051719796424, 0.9840285260154602, 0.9855971468833679, 0.986381465921215, 0.9875222869522856, 0.9880213913815544, 0.9891622155320411, 0.9893761214385484], "avg_client_acc": [0.9868781304359436, 0.014085716348502942], "final_acc": 0.9894}