{"loss": [2.295743705270125, 1.8293319919487585, 1.4623230076006177, 1.174295140808704, 1.002189165245403, 0.8633188460026195, 0.7978473084835658, 0.7150638895770021, 0.6678316480856316, 0.6238589176891535, 0.6863605674819725, 0.8294396139147447, 0.5291113376277441, 0.6737251004666993, 0.4822547218060111, 1.0026421237677177], "acc": [0.13190730927037259, 0.550231726194023, 0.7552228140915991, 0.7690552580569092, 0.7828163993932347, 0.7895900198057586, 0.7843137229296401, 0.8232442078870885, 0.8347237016470462, 0.8382887672910503, 0.7854545422713812, 0.7179322604593321, 0.8732263793919813, 0.7649197863406251, 0.8865597120198336, 0.6401426065998707], "avg_client_acc": [0.63667947858572, 0.20040218583587993], "final_acc": 0.6401}