{"loss": [2.2723629549862867, 1.9538026363794392, 1.6235971727983198, 1.2950395057290633, 1.0230997895918215, 0.8114079798479131, 0.6394910845845778, 0.5157824769408945, 0.4195495186685028, 0.34432198396234803, 0.27950121050903076, 0.2384950291406556, 0.19822522469170378, 0.1720175970200974, 0.14945640696003476, 0.13086491484108667], "acc": [0.135472373079223, 0.5655614936985939, 0.7575044552612644, 0.8529768306133794, 0.8936898395764424, 0.9182887681686517, 0.9393939377534836, 0.9503030286328252, 0.9609269192342027, 0.9669162219815925, 0.972691619978444, 0.9748306553461548, 0.9761853805582791, 0.9788948308125324, 0.9805347573735922, 0.9802495541079584], "avg_client_acc": [0.9634956049919129, 0.04622255046730557], "avg_client_precision": [0.9648659770548553, 0.040957399553178696], "avg_client_recall": [0.9563846242244449, 0.0593722110106844], "avg_client_f1": [0.9579538823055214, 0.05511540172501264], "final_acc": 0.9802}