{"loss": [2.2318155795792634, 1.4805619104575771, 1.0574628017547933, 0.7651355724177471, 0.6283025572389205, 0.5680471643141459, 0.4742279459257177, 0.4091247115468809, 0.414534604770402, 0.3790764646500402, 0.3569461530516067, 0.3745283456027189, 0.3014934461044543, 0.31080378455274243, 0.29795873631608677, 0.29149893868840737], "acc": [0.18474153265177726, 0.6949019570391021, 0.7595721927120511, 0.8186096279145137, 0.8495543656969665, 0.8372192515047688, 0.8702317326761609, 0.9037433140800598, 0.8953297653427736, 0.9073796841762495, 0.9173618534329528, 0.9018894814679966, 0.9302673762579865, 0.9244919808875643, 0.9257753981880963, 0.9299108707416078], "avg_client_acc": [0.9114106249809265, 0.05987561899119213], "avg_client_precision": [0.9056010965270734, 0.06239345980918024], "avg_client_recall": [0.9098404953526941, 0.05896271505421086], "avg_client_f1": [0.9015637544028617, 0.0628738862560378], "final_acc": 0.9299}