{"loss": [2.283213277840572, 1.8295963909876751, 1.4740490728436095, 1.1939747801184017, 1.0188913876147618, 0.8973908664474726, 0.8324662845976213, 0.7479338170957225, 0.6996152873515232, 0.6814669967892973, 0.6570647704117863, 0.6373583436697562, 0.5745387655602845, 0.555686534595362, 0.5544268589175959, 0.5377503948575035], "acc": [0.14388591718957916, 0.6348663068970469, 0.7764705938260186, 0.7890196102251981, 0.7827450975249796, 0.7601426008359634, 0.768484846606399, 0.8024242431020991, 0.8131194240396673, 0.8072014270789271, 0.8073440281358845, 0.8074153286548009, 0.8369340477822723, 0.8479144428311822, 0.8441354702033249, 0.8484135472519513], "avg_client_acc": [0.8156055557727814, 0.16680540134822255], "avg_client_precision": [0.8070585585269116, 0.17020990172604003], "avg_client_recall": [0.8118221007914549, 0.16162530120155555], "avg_client_f1": [0.7830923922393693, 0.1979747434238923], "final_acc": 0.8484}