{"loss": [2.3199246619729434, 1.880445521477072, 1.5228281971222577, 1.2187844091898192, 1.034815966054505, 0.9156613497598074, 0.8306033244447487, 0.7449735348439259, 0.7028097003390232, 0.6880604401151127, 0.6639324857908137, 0.6524518205982478, 0.5744431096761622, 0.5543293140703769, 0.5384033238760291, 0.5326458659576859], "acc": [0.14873440274879096, 0.6478431380475056, 0.7553654188884559, 0.7694830657241604, 0.7699108739098975, 0.7527985755092532, 0.7609982218355631, 0.8101247701372905, 0.8159714776118171, 0.8079857412017816, 0.8104099760909769, 0.8032798540060958, 0.8392869843348675, 0.8473440248953468, 0.8507664848861423, 0.8502673820165815], "avg_client_acc": [0.8214433509111404, 0.14762565966633506], "avg_client_precision": [0.8203018002846788, 0.13877077480099487], "avg_client_recall": [0.8154000881527996, 0.14333344128258427], "avg_client_f1": [0.7942560421553704, 0.16827504234025475], "final_acc": 0.8503}