{"loss": [2.306305650907968, 2.0765067846598613, 1.8537842156661657, 1.6264341486328155, 1.4616325695657806, 1.3302709981469782, 1.2392137579234235, 1.1323926811013942, 1.0532180425334756, 0.990265828370198, 0.9364858713369133, 0.9117661943351357, 0.8136571727498663, 0.7864807830648315, 0.7388708403077188, 0.7762275295825822], "acc": [0.12184514448326028, 0.42749180155251804, 0.5938970541038893, 0.6445173270650857, 0.6906459432461285, 0.6838015147933568, 0.6911450192017798, 0.7375588192122818, 0.7597319347111692, 0.7593754397068557, 0.7664337643399212, 0.7597319250518682, 0.8084272034885913, 0.8109225815425802, 0.829816058071979, 0.7830457699829206], "avg_client_acc": [0.7619334548711777, 0.1879175439594382], "avg_client_precision": [0.7591354657091307, 0.17521664343499926], "avg_client_recall": [0.7472822395763784, 0.17322090421370837], "avg_client_f1": [0.7271884127002319, 0.19296587511531166], "final_acc": 0.783}