{"loss": [2.3349504772545555, 2.0702524685611503, 1.8260898992693342, 1.597343170539163, 1.430838313521561, 1.2878358533876046, 1.1911536184243532, 1.0872038061092197, 1.009292541294079, 0.9398093227290162, 0.915728068083597, 0.9016229942489857, 0.7714829001505059, 0.7749116452065273, 0.7125115512921911, 0.7929755085435163], "acc": [0.05860544685384586, 0.4585056361376721, 0.6714672730569236, 0.7386995616502944, 0.7531726809714399, 0.7524597161309654, 0.7502495416999289, 0.7897476102844992, 0.8057892489485133, 0.7998716655253311, 0.7732069025332214, 0.759945815327367, 0.8344503060508077, 0.8055753543129427, 0.8467132458584159, 0.7747041229474703], "avg_client_acc": [0.7556069099903107, 0.20329659709907785], "avg_client_precision": [0.7508874912960253, 0.19521937711508455], "avg_client_recall": [0.7492403965309741, 0.1884557783688456], "avg_client_f1": [0.726033405420152, 0.2137366763673765], "final_acc": 0.7747}