{"loss": [2.265360526754362, 1.9592071300427991, 1.673467177952405, 1.4182554152583695, 1.2259239169138059, 1.0700823711325638, 0.9362938693586063, 0.8219741809012019, 0.7325001548198564, 0.6468660376958563, 0.5713349190823076, 0.5181793341497867, 0.4652804712052184, 0.43050590548470447, 0.3776178176063419, 0.3442640981608921], "acc": [0.17610152738130855, 0.6007414845066881, 0.7742050482507576, 0.8363753043324431, 0.8672465433259162, 0.8815057772798306, 0.9019677767939903, 0.9196492240106976, 0.9309853115240552, 0.9415371458752764, 0.9474547260517777, 0.9522315642810932, 0.9567232260550376, 0.9583630426904367, 0.9639241402522823, 0.9662056134802017], "avg_client_acc": [0.9588158226013184, 0.035798343210369316], "avg_client_precision": [0.95732139439688, 0.04113013697585505], "avg_client_recall": [0.9433715535977192, 0.05054625988322255], "avg_client_f1": [0.9485330827773876, 0.04611518832696119], "final_acc": 0.9662}