{"loss": [2.282733069478607, 1.9824163515710906, 1.6997844679845513, 1.4385194902190226, 1.250861105137131, 1.096754138745579, 0.9531901971846458, 0.8199723450889027, 0.7249427462153644, 0.6294535718115627, 0.5634564911776937, 0.5156746320920478, 0.455900768476513, 0.41603865237442045, 0.3713137242934018, 0.34527484992508134], "acc": [0.12555254486965275, 0.6205618172920109, 0.7717809782503047, 0.8042207267775475, 0.8204049690888575, 0.8251818067104827, 0.8461428743939962, 0.881933555667791, 0.895408527603439, 0.9007557438372817, 0.9108797938128809, 0.9093112818749097, 0.9249251370132182, 0.9211464381950585, 0.9295593870020994, 0.9360473449791479], "avg_client_acc": [0.9356649458408356, 0.055836536435855566], "avg_client_precision": [0.9363623009669684, 0.05563285288754092], "avg_client_recall": [0.9097676867041514, 0.06983559668407303], "avg_client_f1": [0.9183364427221214, 0.0643412612522789], "final_acc": 0.936}