{"loss": [2.2870020324958626, 1.7932436855251563, 1.3943994858685662, 1.0570639096181873, 0.8149084461224058, 0.6527953694742206, 0.5424871392428556, 0.44040677643396, 0.37220450419979084, 0.3158577867082043, 0.26396353905917597, 0.23247584394778584, 0.19199459010638867, 0.16876715057149344, 0.1548505626363205, 0.1392611801281983], "acc": [0.14666666627813416, 0.734688055974277, 0.8407843164029181, 0.8672370746981439, 0.8849910932386198, 0.8903386856017903, 0.9063101651579301, 0.9197147917704999, 0.93040997913177, 0.937183603143947, 0.9484491997946605, 0.9585026763552226, 0.9646345840375904, 0.9685561567959301, 0.9703386834003496, 0.9729768279742005], "avg_client_acc": [0.9453163850307464, 0.05246516855641078], "final_acc": 0.973}