{"loss": [2.2654883447602896, 1.7950353200677882, 1.4052387679026939, 1.0694302596149172, 0.8438362521432513, 0.7003178200375375, 0.5912425288377386, 0.48068488733016235, 0.4042167231079304, 0.34697822450343085, 0.2903139662672226, 0.24531415169218593, 0.2104781025452224, 0.1881857865453829, 0.17342493015987245, 0.15473928219779876], "acc": [0.12256684452693731, 0.6613903733960448, 0.7902317301219798, 0.8243137209045696, 0.8481996468426709, 0.86117647245606, 0.885846704527231, 0.9088057036238346, 0.9269875245978275, 0.9351871637439558, 0.9445989354918984, 0.952727279437842, 0.959429592555007, 0.9626381524148897, 0.9651336877953772, 0.9672727274469726], "avg_client_acc": [0.929612728357315, 0.06421218117373874], "final_acc": 0.9673}