{"loss": [2.246250495222163, 1.3627150446845886, 0.7964567379305495, 0.46475292494377773, 0.291614092976758, 0.1835582101623961, 0.11875506698421191, 0.08066636556570224, 0.05804403148737608, 0.04388380837880752, 0.036367291557285505, 0.033124007160033296, 0.0283591986451723, 0.027713358526669257, 0.02629096735496059, 0.02502850664282548], "acc": [0.2270231722529692, 0.8042780780197253, 0.8978966134967226, 0.9373975012774136, 0.9611408187446322, 0.9730481264000483, 0.9818894887947993, 0.9863101616645242, 0.9891622098286946, 0.990588235243119, 0.9914438537012872, 0.9922994655763827, 0.9932263817251685, 0.9932263804672024, 0.9937967961357239, 0.9937967907723684], "avg_client_acc": [0.993339809179306, 0.008869338715834396], "final_acc": 0.9938}