{"loss": [2.310638395182573, 1.9875086822337062, 1.645914862444206, 1.3120540760305592, 1.0322610526835037, 0.8204343123564651, 0.6489293352991202, 0.5206383759909905, 0.4274775923035734, 0.3510751141673205, 0.29773986433113026, 0.2526400445968563, 0.2215318177115827, 0.19264017866411, 0.16806513427254877, 0.154752234519686], "acc": [0.11970625938317792, 0.5924711261833299, 0.8275345772203087, 0.8977612954785238, 0.9223584811850314, 0.941038073783558, 0.9479538001068033, 0.953015824391297, 0.9583630379734002, 0.9617852562719484, 0.9644232159136502, 0.9634250646844054, 0.9626408059383177, 0.9653500601846889, 0.9660630262979134, 0.9638528394474719], "avg_client_acc": [0.9353484737873078, 0.08390050605161267], "avg_client_precision": [0.9372923865506262, 0.10255851559413542], "avg_client_recall": [0.8865466404210898, 0.14062532207944814], "avg_client_f1": [0.8930674072052959, 0.14564965822620546], "final_acc": 0.9639}