{"loss": [2.254383330812268, 1.8219148291427094, 1.480377331475941, 1.1998279441376989, 1.029367833445692, 0.9175453419762196, 0.8480356897817228, 0.7853032651006895, 0.7528078306376569, 0.739006854892287, 0.7220646029633853, 0.7189935701275737, 0.6257479703219831, 0.6158389800868139, 0.5857433105676699, 0.5697109015560492], "acc": [0.16362469549471842, 0.6821616999002865, 0.7814772605160818, 0.7702124656865825, 0.7831883695399933, 0.7613004480706257, 0.7722087532290375, 0.7968772229215701, 0.796092972869066, 0.7890346557651983, 0.7882503916848221, 0.7883929835852094, 0.8261799520338702, 0.8350919760826326, 0.8380151134928265, 0.8434336265028756], "avg_client_acc": [0.8236542630195618, 0.1742155294402029], "avg_client_precision": [0.813830388371915, 0.16251245921199067], "avg_client_recall": [0.8091367008932397, 0.15624961540804805], "avg_client_f1": [0.7877973926418551, 0.1931381529552496], "final_acc": 0.8434}