{"loss": [2.219444245155266, 1.4933192779500084, 1.0494295650816636, 0.7505941839662136, 0.622127890455116, 0.5561682637911048, 0.45805696148144337, 0.42032550367116756, 0.4455258828296601, 0.40112943101329573, 0.369860980632101, 0.384110070731553, 0.3075716923436254, 0.3322385475985014, 0.314274096883792, 0.31526108689178045], "acc": [0.1977755583630965, 0.7355625299147494, 0.8170540478108664, 0.8602595161171183, 0.8618993294165951, 0.850919718953065, 0.8862113246908545, 0.8954085308203731, 0.8788678172131705, 0.89441038181366, 0.9090260976725496, 0.8990446278801764, 0.9306288350415471, 0.9197918152598363, 0.9217168139643053, 0.9295593965721592], "avg_client_acc": [0.9188495922088623, 0.05877363192187832], "avg_client_precision": [0.9014282991531813, 0.07971683976817885], "avg_client_recall": [0.9074039841580531, 0.059523050521957256], "avg_client_f1": [0.9002279962174513, 0.07343949764297417], "final_acc": 0.9296}