{"loss": [2.3414457999026403, 1.9067249522983611, 1.549672000463927, 1.2286433618885975, 1.0412724870605679, 0.9135812704477809, 0.8327672837651883, 0.7503672421475748, 0.7124914993926018, 0.6960093213414459, 0.679828543269641, 0.6703852812665158, 0.5912352517485177, 0.5694163371587716, 0.5513855291597687, 0.5488011887193185], "acc": [0.13396549360695736, 0.5041351798243484, 0.738343076498638, 0.8018679598309966, 0.7795522654683787, 0.7598745193904534, 0.7707828334836125, 0.8030799937534226, 0.8018679596270166, 0.8000142632593328, 0.7928846421411574, 0.7883929895314378, 0.8258947702548345, 0.8343790113154634, 0.8375160434929652, 0.8391558614032391], "avg_client_acc": [0.816863645017147, 0.19711455034642733], "avg_client_precision": [0.7957033969588639, 0.2017856591398267], "avg_client_recall": [0.8046308149981791, 0.17837669412028603], "avg_client_f1": [0.7766067159060248, 0.225388554354689], "final_acc": 0.8392}