{"loss": [2.290170518912404, 1.4226877414045687, 0.9166157757074266, 1.160666186323269, 1.5412016719373267, 1.9027285512325738, 2.235753324845335, 2.4398230491191026, 2.572422822706726, 2.800342896131922, 2.8931976872248786, 2.873161884056729, 3.0142527921442537, 3.053970997632596, 3.1230330094942524, 3.265032728411281, 3.4991968723936746, 3.3723762399705315, 3.4748063897377333, 3.5409258159743686, 3.5539910446897336, 3.7270734395719773, 3.619504885498651, 3.6249588107472297, 3.775054199983572, 4.021942668287337, 4.197504993670579, 4.3282760428357525, 4.3935193721452785, 4.499014342932075, 4.372071167291348], "acc": [0.11936616545237494, 0.572160548351925, 0.6465509082252109, 0.6287124005381122, 0.6341208893622288, 0.608881303448301, 0.6132460381814137, 0.6256760632373065, 0.6270993445734901, 0.6271942360954953, 0.6276686565621956, 0.6210266706533818, 0.6168516941869809, 0.6319385179236215, 0.6221652879203924, 0.6334566854839024, 0.629661262062234, 0.6338362270561971, 0.6306101103818827, 0.6388651659362784, 0.6313691978360594, 0.6366827989981357, 0.6369674581780199, 0.6380112001235667, 0.6321282862743149, 0.6363032596781941, 0.6274788904666833, 0.6388651686792571, 0.6384856287371966, 0.6378214313260789, 0.6307049988837834], "avg_client_acc": [0.6317970326542854, 0.17966984265871164], "final_acc": 0.6307}