{"loss": [2.305438305455797, 2.4430167453514944, 3.9506149302903406, 4.070140762855101, 3.297569674886088, 2.79623489393225, 2.796306361546499, 4.948181608410021, 3.5268398101354905, 2.8549254321683395, 3.5839219784121537, 4.242302897622551, 2.566875813989477, 3.960534234568413, 3.7016757058088707, 3.6497373116612266, 2.611773357483622, 2.662362948943392, 3.4731247865089734, 3.262497842147908, 5.116797723394072, 3.6568788799289327, 3.5722242256761287, 2.1285644046475354, 3.1994939756033873, 3.182055789051908, 3.4997938746046007, 3.286327049326967, 3.050578847003144, 4.132923322537813, 3.2646371697967944], "acc": [0.10642132253344475, 0.13297922773258256, 0.09684150587697754, 0.14853457191643313, 0.13829080933422475, 0.1132504980436794, 0.16646115961268632, 0.1163805376280378, 0.17319548297449092, 0.1350659209350464, 0.10651617175513861, 0.14919852112825982, 0.16257232399311977, 0.09428056452359203, 0.16513326368530953, 0.15441525079126908, 0.129090391900348, 0.17110879143644706, 0.13639381559904695, 0.12577065335446921, 0.10025609471857898, 0.15934743406842922, 0.1431281425035521, 0.25305890127925307, 0.1537513029288575, 0.17442853247648243, 0.20202978248324133, 0.12852129162299183, 0.14445603674296745, 0.1270036975560136, 0.22251730969854644], "avg_client_acc": [0.22104786874726415, 0.21572046998676583], "final_acc": 0.2225}