{"loss": [2.2907438429033102, 1.328021924714826, 1.2081963485211946, 1.064525228048495, 1.1122181333384522, 1.6679409519721284, 1.7327543157283127, 1.7424338085312414, 4.146548351594306, 2.4913422358388817, 2.0736289767305167, 2.59193859874699, 3.485811337663272, 4.400068739280182, 3.4455561908680132, 4.942865809648141, 2.192739064659191, 1.8409402026466861, 3.5333318938134144, 3.4468321384729386, 2.311361028414167, 1.175282774998908, 3.014243075749368, 4.515244339241267, 2.9236616939518263, 3.9214773916925685, 1.7983281668902777, 2.9179082480687226, 4.273647111054447, 3.556410210762736, 4.684365308065405], "acc": [0.11002561103764232, 0.566821590649678, 0.5931897958779283, 0.5948970859966953, 0.6112112319640187, 0.6427013197982491, 0.6268614258404804, 0.6175661567638508, 0.6467798529280258, 0.6560751216739267, 0.6419425219916465, 0.6581618130337091, 0.664990987998648, 0.6666982867743071, 0.6735274596135372, 0.6474438078781352, 0.6666982826274791, 0.6705871212107062, 0.6667931349902998, 0.6746656548916972, 0.6554111763516945, 0.6717253167856738, 0.653324483304348, 0.6713459207811946, 0.6751399041974747, 0.6730532077947875, 0.6764677976743326, 0.6634733972728767, 0.6747605082297431, 0.6834866757508441, 0.6658446404068494], "avg_client_acc": [0.6631010645627975, 0.1372702977735669], "final_acc": 0.6658}