{"loss": [2.30058556797947, 1.2453620698729468, 1.2051312382562918, 1.0535800860150426, 0.9661248704830361, 0.8322287606105263, 0.868192334662666, 0.8495808550608313, 0.879230175574726, 0.917375996430436, 0.8197404424232628, 0.8523332463415029, 0.8092960059970694, 0.8600443871844644, 0.8137674610833906, 0.7883046469889227, 0.8338907867384558, 0.7845325001127567, 0.781085994201673, 0.8074908049189364, 0.8992872965592514, 1.1522436252549852, 0.9065495037799608, 0.7713118245312648, 0.8494939615533574, 0.7114340068605834, 0.7616261260752365, 0.7465345065241847, 0.7197437811302616, 0.8201659772240165, 0.8012257121940791], "acc": [0.10642132209406331, 0.5539220335909145, 0.5359005985987726, 0.6024850600247228, 0.6316039069411448, 0.64972019593279, 0.6427961675280425, 0.6404249271586216, 0.6524708344210917, 0.6665085828118856, 0.6979038231876897, 0.705966043226929, 0.7188656001245682, 0.7103291314579692, 0.7259793229938899, 0.7212368401802209, 0.7220904900104353, 0.7307218096349651, 0.7455183550097804, 0.7458029032081442, 0.7405861734122782, 0.7145973625009431, 0.7292990610420416, 0.758512755578014, 0.7243668785060615, 0.757659112153193, 0.7606943006998537, 0.766859534133219, 0.7661007330221571, 0.7455183572344249, 0.7574694116393947], "avg_client_acc": [0.760085700750351, 0.11887798580594415], "final_acc": 0.7575}