{"loss": [2.303353159113083, 1.5731956978557933, 0.7946558054315742, 0.6438803130028133, 0.5865356590912236, 0.5483574036497845, 0.537190392113078, 0.5066001822953431, 0.4943425535836279, 0.47042762796594784, 0.46495157837115825, 0.4545614386513938, 0.44228150988341985, 0.4303190115831116, 0.4226084684381209, 0.4161075069075697, 0.40320189352320684, 0.39625070215735797, 0.3843933931227417, 0.3802890534371627, 0.37428777905243416, 0.3729688000217692, 0.3667366546165736, 0.359542531267771, 0.3586873698700122, 0.35220655753684205, 0.3514802475095666, 0.34767550951834364, 0.3401734841005022, 0.3411937262211004, 0.33593548419358416], "acc": [0.09816940089608733, 0.4285307780790123, 0.5748838097059182, 0.6508583854670137, 0.6879446072143338, 0.7213316886675807, 0.7297733112749899, 0.7470359493113781, 0.7578488094727749, 0.773499001766262, 0.7771981424617324, 0.786019161344988, 0.7931328829422765, 0.8023333054141552, 0.8041354496723491, 0.8076448812550774, 0.8172247002430753, 0.8210186901212836, 0.8288912064977358, 0.8306933528420641, 0.8375225256756408, 0.838471026124577, 0.8419804637226086, 0.8439723045032436, 0.8447311045571047, 0.8479559889477887, 0.8475765931779289, 0.8501375338717564, 0.8546903173362441, 0.8559233630493879, 0.856777007712321], "avg_client_acc": [0.8565024101734161, 0.06363346117449949], "final_acc": 0.8568}