{"loss": [2.292091784323007, 1.3129678619639489, 0.6811506638635011, 0.6291287117830707, 0.6032383057827585, 0.5783027942047437, 0.559494431835418, 0.5379033426719814, 0.5191894847672476, 0.5045672545774345, 0.49369529313101757, 0.4798013400722814, 0.4698816781401928, 0.45947270781468885, 0.44504777988132554, 0.443536105459989, 0.43281754188117316, 0.4251495695544931, 0.41658773585160386, 0.4147427240705497, 0.4091900313156646, 0.3952487519527312, 0.3943434896850896, 0.3898645775774438, 0.3949840872310986, 0.3822123130576203, 0.3809654970210705, 0.37338290396517043, 0.37467841121263784, 0.3720070894531617, 0.36866329906024775], "acc": [0.09617755816826996, 0.4862942216149529, 0.6461159077810515, 0.665654940144631, 0.6844351734267482, 0.7004647661316025, 0.7148819137521863, 0.7299630127470531, 0.7405861701671803, 0.753770273047019, 0.7594612517811865, 0.7686616697189739, 0.7764393416672654, 0.785355209207485, 0.791330740527117, 0.7933225816413074, 0.8038508966967942, 0.8058427396540193, 0.8107749187187623, 0.813620409380493, 0.8179834943777423, 0.8210186872380085, 0.821967183265923, 0.8249075218779328, 0.827373610194806, 0.8283221102197313, 0.832874894379597, 0.8334439920200905, 0.8340130837866175, 0.8361946278229888, 0.8381864756817815], "avg_client_acc": [0.8381651961803436, 0.0618030409981552], "final_acc": 0.8382}