{"loss": [2.3058813324940677, 2.7241246067436258, 4.546311766341686, 5.038002945865047, 4.896932653375384, 3.015762940531131, 3.4227996895834063, 8.934932372132007, 4.649132216716191, 5.035794782675863, 5.314186074450947, 6.355356622865029, 5.260492839239291, 7.057554318953949, 6.485570653796727, 7.649174360442317, 4.172000759751252, 4.133359111040579, 6.599417302353631, 5.410645715642855, 15.37101613843191, 5.071728825670916, 5.616998382196089, 6.059421034473447, 4.5920405822518, 4.023979648448796, 6.733216845988097, 8.043468364985857, 4.912068424438103, 8.087533721116058, 4.184214319482221], "acc": [0.08716684043404613, 0.15972683334852614, 0.09134022485742892, 0.14455088622105547, 0.11353504712893296, 0.1069904198201097, 0.15507919883847882, 0.11334534779750711, 0.13667836465753483, 0.12245091508353508, 0.11827753045927707, 0.15868348722483666, 0.16190837409139178, 0.09409086538098359, 0.09665180783587028, 0.16655600994449407, 0.13610926739869558, 0.2326662243681067, 0.11097410554936406, 0.1501470172869111, 0.09617755816826996, 0.1435075407704835, 0.13791140961982568, 0.20828986056392812, 0.21104050145831577, 0.148439723293434, 0.17964526217487012, 0.09409086538098359, 0.1428435922245308, 0.09257327106887395, 0.13222043207050413], "avg_client_acc": [0.1298859402956441, 0.19386553380595356], "avg_client_precision": [0.1834016401487271, 0.2859450627807876], "avg_client_recall": [0.1414134673148929, 0.2082590484112126], "avg_client_f1": [0.10520975451337673, 0.14913423527238578], "final_acc": 0.1322}