{"loss": [2.3056195997981526, 1.230464146831598, 0.8576514445931457, 0.7246388000303006, 0.6048633803763743, 0.5000744047146712, 0.5166203973670505, 0.4539264911054479, 0.43000896585560905, 0.42822813855581826, 0.4371682444947229, 0.3896204087776171, 0.38432810149778057, 0.41029826007669634, 0.3899128457009623, 0.38013567014741434, 0.3797053957209069, 0.3824217110620689, 0.38454838215253234, 0.39799543834157747, 0.38702775217415336, 0.33588391255732564, 0.3608305863499003, 0.36638229106331444, 0.3454452599603289, 0.3522482570852612, 0.33804959074732677, 0.348736548535706, 0.32683485467384404, 0.34678033637989747, 0.34754115643011013], "acc": [0.1241582091974578, 0.5311581171447657, 0.6312245118836236, 0.6767523507007688, 0.7341363964390168, 0.765436782965135, 0.7529166273890733, 0.79133074563221, 0.8032817953419642, 0.8086882342731864, 0.8030920995714361, 0.8288912045642455, 0.8267096666619005, 0.8166556054406291, 0.8302191017950146, 0.8352461403714042, 0.8313572977826863, 0.8382813251019655, 0.8390401220181449, 0.8355306862574945, 0.8362894864187718, 0.8560182111523109, 0.8440671524478692, 0.8510860317087847, 0.8574409538514811, 0.8547851655805042, 0.863890734409049, 0.8587688476110131, 0.8681589674024737, 0.8658825781747217, 0.8659774236092019], "avg_client_acc": [0.8652415561676026, 0.06305181615342735], "avg_client_precision": [0.8642751662040954, 0.058763249299041836], "avg_client_recall": [0.8547312867716009, 0.06870792299490919], "avg_client_f1": [0.8532799482712476, 0.06768673975530218], "final_acc": 0.866}