{"loss": [2.2337536886002276, 9.117247293510598, 1.1383846325337474, 1.72837254123761, 1.3169568821351103, 2.0058140129643838, 0.7266950085370486, 0.5597789500986027, 0.5505940259615283, 0.4365406570312851, 0.6912325338556703, 0.4339529643554135, 0.6948086324223054, 0.4046844043679282, 0.3739797029417052, 0.4530506889087323, 0.5413190782526679, 0.3806586613942033, 0.382805688642188, 0.4045976817252417, 0.43361569308286885, 0.4137984650859873, 0.43938459177309985, 0.3571250670285014, 0.36334085147511624, 0.4904487836446299, 0.4565955295156711, 0.4958613287121479, 0.43369792173849353, 0.4438928619716509, 0.4222006524009472], "acc": [0.31916911747258175, 0.5072559987097756, 0.5887318606068194, 0.5884473123151731, 0.6209807452554665, 0.6149103656067721, 0.7118467246401777, 0.7570900154426973, 0.7715071623170217, 0.8073603339047356, 0.7790951320893916, 0.8232002316757769, 0.7822251784262141, 0.833823385952569, 0.849378734518927, 0.8266148151216612, 0.8341079371585844, 0.8453950499613122, 0.8511808766514122, 0.8489993380423821, 0.8346770375297088, 0.8473868909567795, 0.8362894789561774, 0.8605709916430678, 0.8647443816725832, 0.8450156580584332, 0.8452053495266627, 0.8489044888992187, 0.8577255070531752, 0.8444465519377191, 0.8561130612904869], "avg_client_acc": [0.8567799198627472, 0.07217283001205203], "avg_client_precision": [0.86264194068754, 0.06351555611227165], "avg_client_recall": [0.8535773198177242, 0.06831999801629769], "avg_client_f1": [0.8508878905370331, 0.07329622218052573], "final_acc": 0.8561}