{"loss": [2.2968269018614462, 2.0661065643927996, 3.3128426104775532, 4.0473055584397, 4.44591669791294, 2.2746013324129324, 2.627758965607127, 8.59997548648147, 4.008230922520189, 5.150590036242824, 5.238958915742719, 5.7839229278966755, 5.234994438721109, 6.213145483063643, 5.984759929147807, 6.520734951591216, 3.8001030568412593, 3.5040067332322127, 6.988194655639379, 5.022380897083624, 15.13883534201881, 5.292514173986563, 5.236891804870568, 5.4980867266270534, 4.099835147936136, 3.367207440424947, 6.287724785568207, 6.939780280088707, 3.7148060003313383, 7.540504957312799, 3.6826504010024834], "acc": [0.09219387334211494, 0.3660248541141115, 0.1302285882326612, 0.2966897485930203, 0.13848050945987628, 0.2813241003599026, 0.26605330722231246, 0.1143886937327767, 0.17215213903887505, 0.13174618138156724, 0.15223371017030665, 0.1677890541396783, 0.1848619948963019, 0.09409086538098359, 0.10063549267456895, 0.16883240249366582, 0.1799298094186791, 0.2738309772497899, 0.12548610374348612, 0.1841031970753227, 0.09617755816826996, 0.12633975219959556, 0.14834487475214533, 0.23152802831374153, 0.29299061217087446, 0.17642037373748662, 0.20791046221254786, 0.09409086538098359, 0.20715166597593448, 0.10092004199347027, 0.18571564395793003], "avg_client_acc": [0.1748208896815777, 0.22546829930093693], "avg_client_precision": [0.2001525392160587, 0.27399114009598347], "avg_client_recall": [0.18431096895316634, 0.2347314471644849], "avg_client_f1": [0.14539742293990027, 0.18670258378479843], "final_acc": 0.1857}