{"loss": [2.3039215198107468, 2.258898020944397, 1.808846179934966, 0.958823371560176, 1.0611944536079616, 1.2488624820905818, 1.2341783334961403, 1.3163744842279952, 1.3290640081577934, 1.2162063605238584, 1.2153135796874375, 1.2852439471950046, 1.4717566904374437, 1.3705010482782838, 1.6370324610034999, 1.4423883913765483, 1.6994539291693076, 1.6890837213059668, 1.5173681584928231, 1.5239923620185913, 1.5775112819053472, 1.6061278520057771, 1.660647445565915, 1.7424836950002829, 1.847324329011184, 1.8202599400258719, 1.353836613198417, 1.5920372747219251, 1.7810738381160618, 1.6008138427817853, 1.6996209309634769], "acc": [0.11490653833601136, 0.17895436337826906, 0.45469209618476913, 0.6210266678651581, 0.6502514523622354, 0.6530031367962496, 0.6542366445474578, 0.6213113181303616, 0.6545213010713186, 0.6762501141080278, 0.6605939820201331, 0.6734984391213837, 0.6760603490708245, 0.6779580643040534, 0.6585064989577656, 0.6813739403230066, 0.6674257568470319, 0.6583167284549298, 0.6938601252843177, 0.7008976154828496, 0.6582540361964136, 0.701869245829784, 0.6808046323262895, 0.6828921134114854, 0.6786222622330145, 0.6795711152390563, 0.6961547296351851, 0.7027054704988399, 0.6846949425107536, 0.7022487876613539, 0.6619223842120251], "avg_client_acc": [0.6180866207415238, 0.21631333765555208], "final_acc": 0.6619}