{"loss": [2.2761444507508024, 1.1249116681277926, 1.0659184980374359, 1.1408860283362163, 0.9835372887341819, 1.0616270546465674, 1.2513419619173487, 1.4742232559075426, 1.788870684397448, 1.9040376167022952, 2.252533209432471, 2.379657332359223, 2.5863688266280707, 2.276193063103482, 2.837824817428395, 3.0681864547089277, 2.1145997008711555, 2.088997231298659, 2.2829418234024437, 2.000023091942812, 1.708944197405854, 1.8548929600400506, 1.8722429609024973, 1.5959071922046613, 2.0235571164380826, 1.613337295966448, 1.522613543781838, 1.7409328542948788, 1.9956430741002997, 1.8693004496023025, 1.4498349917261297], "acc": [0.1587437123960885, 0.5831672880561396, 0.6326027161618747, 0.6059398451903613, 0.6339311142177144, 0.6442736507095528, 0.6407628805675365, 0.6583167287863141, 0.6665717788858583, 0.6628712408851882, 0.6696081248666362, 0.7040516154223595, 0.6823227995373354, 0.6907676236686495, 0.672739351677458, 0.669797896009795, 0.688585252022198, 0.6794061913857287, 0.6552854474899515, 0.7198443651083378, 0.712116896919535, 0.6651484966433606, 0.6957016761620342, 0.7141094966649738, 0.6837460877436911, 0.7480021239192357, 0.7139554715498126, 0.7027232189274726, 0.7224594351448227, 0.7231236364950842, 0.7298605167226102], "avg_client_acc": [0.67219232827425, 0.16567865431818302], "final_acc": 0.7299}