{"loss": [2.2867375437047612, 2.1051979769745546, 2.1408409379173112, 3.4183029648768786, 3.3917400317560147, 1.780469891061049, 2.217625588418999, 7.52541011868239, 3.112546289766838, 4.14255889805391, 4.449831581769513, 5.247820676464613, 4.180691050848593, 5.2217364979175995, 5.917832733116834, 6.598401216053965, 3.1444151595847094, 3.2507847021868947, 6.202668969384496, 4.707871940909872, 15.252102757577076, 4.793216564225703, 4.942551703112143, 5.263632214406441, 4.090417533527573, 3.551757302204157, 5.682030364666009, 5.470237094493617, 3.946731507648088, 6.5689769559968, 2.984660539299954], "acc": [0.12581838909594925, 0.30932726055812804, 0.326691338505597, 0.3286839342835256, 0.25628617538626314, 0.46854540039395054, 0.3801119660268308, 0.1477369788017618, 0.2632128261727174, 0.17629756042177946, 0.14413132332707224, 0.17933390080074804, 0.2046683719826187, 0.14071543729085617, 0.11727868089992675, 0.17715153294356614, 0.30069266769118463, 0.28759844327943396, 0.1486858329051498, 0.1978366061030089, 0.09498054950097468, 0.1802827603834879, 0.16775785270573407, 0.2596071732785178, 0.2873137855781425, 0.15665623071201484, 0.22184267724623466, 0.09839643237644681, 0.208558687997238, 0.11993547988607836, 0.25600151779258323], "avg_client_acc": [0.2099214353854768, 0.22611462871582544], "final_acc": 0.256}