{"loss": [2.3073757271667574, 2.855157557039653, 4.865632186341822, 4.5363765654883785, 5.1302371161668825, 3.0523609803313154, 4.296595780873663, 10.066694427117959, 4.6570338315908995, 5.594535397017338, 7.070504789560997, 7.472065783144231, 5.591194222390579, 7.371807069434693, 6.939846882411567, 7.7153693014648566, 4.010420330703705, 4.032956173890727, 7.367023423270264, 5.585850222500534, 14.932191959016972, 5.718761261482937, 5.640439016292574, 5.937620111248821, 4.533534254099344, 4.38816534002407, 6.400302413032724, 7.900642720670489, 4.651146798435182, 8.164309036042864, 4.079263701374656], "acc": [0.09498054950097468, 0.1048486593713773, 0.09146977957237, 0.14508017885481647, 0.11689913767574733, 0.11376791115362767, 0.13179618648923838, 0.11424233911668387, 0.1445108651731346, 0.11414745228177897, 0.10522820201903632, 0.1618749442397106, 0.16301357030121988, 0.0940316918643888, 0.10418445945411019, 0.16661922493105608, 0.130752444425277, 0.20950754519321527, 0.10152765824759506, 0.11177530830519421, 0.09498054950097468, 0.10532308614038943, 0.14346712045862864, 0.1563715717789457, 0.21966030790973096, 0.12230761907703129, 0.16975045095101798, 0.0940316918643888, 0.15475851499284396, 0.09450612213025694, 0.12543884726508636], "avg_client_acc": [0.13912461437284945, 0.2040442029178673], "final_acc": 0.1254}