{"loss": [2.2869894565022237, 2.2582692600393215, 2.191129638117994, 2.126750763819274, 2.065227814482128, 1.9142127000168778, 2.1201236078957284, 1.9858847615346744, 1.966281553869601, 1.9208641838256537, 1.8396676746793865, 1.8702972496196344, 1.810700794849117, 1.8523277783430039, 1.7661752733930054, 1.748772098959246, 1.7766276112952415, 1.6218182814511504, 1.6821831266085308, 1.5900598024136454, 1.7178411524570754, 1.8186732918669724, 1.3553170554332714, 1.495525681816489, 1.5648299125550498, 1.5393664903263677, 1.594856559422361, 1.473333882157867, 1.43847404183341, 1.3883777099237165, 1.3848878168659122, 1.4434638031415052, 1.2015336356911004, 1.3478052581834552, 1.369127352047969, 1.0162135554062994, 1.6491845299800236, 1.222014455085105, 1.1609147669039492, 1.3141963438090776, 1.035792710553495, 1.2664232726604545, 1.3672135826896625, 1.244306124483274, 0.9755221401479341, 1.1431546051020158, 1.1365016579875826, 1.1453084122645847, 1.257110402715055, 1.0745778766336975, 1.0627877941138109, 1.1365438061831707, 1.1038834936213944, 1.055020105556159, 0.8662512636977087, 0.9531107339372472, 1.2666969386601852, 0.8645203141774054, 0.7082200042474541, 1.216734148207165, 1.1779693041644301, 0.8016574415448547, 1.1083453105843586, 0.9960054773357055, 0.958971779751131, 1.1921394781062478, 0.9985421843821198, 0.771062094656028, 0.8269182384659456, 0.7278306145395316, 1.053081366722228, 1.264468085149239, 0.679771448687814, 0.7804963575401888, 0.7114504950985553, 0.8761735200832038, 0.9917384143935795, 0.7034622130112287, 0.6444881338948085, 0.9845836433398858, 0.9279260268184603, 0.8774864062371402, 0.9962721190409746, 0.7663888496044172, 0.7428307934498387, 0.9936759410866686, 0.5699761396507038, 1.0740705716640973, 1.019010846556262, 0.4493764144666555, 0.8437329411710082, 0.46959373384626085, 0.8965218838472062, 0.910432465959213, 0.6163438137553565, 0.5169343614002313, 0.6808744887685219, 0.8750115965724622, 0.4203579080956323, 0.6975321192578899], "acc": [0.12375096282381264, 0.21039182368469198, 0.26746724901132535, 0.3752338142931082, 0.4786060791500455, 0.7764705842356796, 0.3159227640865988, 0.5648975234500245, 0.593878757092376, 0.5896843791386547, 0.6676748561273225, 0.613951473847109, 0.6913709119117832, 0.5793626749099476, 0.6762520356257243, 0.6526188945138691, 0.6330211521890318, 0.7202159951274716, 0.6675347277584175, 0.7016574568511372, 0.5772682111023193, 0.4629418519808738, 0.8123195448153517, 0.6957168468827651, 0.675492959047707, 0.6879736507154964, 0.6325301141197602, 0.6887387466054778, 0.739036977214231, 0.70336392275784, 0.7854844448308157, 0.668331665875433, 0.8169934742980534, 0.6987951962321453, 0.6996997064231215, 0.8912492083762368, 0.5159657217353304, 0.7749408961469682, 0.7511690134554604, 0.7113264324451584, 0.8494294475885344, 0.64662875309526, 0.6555353938343305, 0.7628617269193628, 0.833123039766817, 0.7664576871875312, 0.7621621632402503, 0.7404447428628419, 0.62466385591914, 0.7482517503749032, 0.7553809248509161, 0.7014040591564268, 0.7104952870253122, 0.6697398797928757, 0.7903048129060712, 0.7536089316675356, 0.6264406693436332, 0.8186046496380207, 0.8564257002180041, 0.6699134345780547, 0.6230248270669856, 0.8236695748648064, 0.7064182133531471, 0.7772600026595811, 0.7685914148339449, 0.6491228138635817, 0.7673896839124726, 0.8438625193071443, 0.7775590498968372, 0.8752166327405431, 0.7190321421485466, 0.5862068817484359, 0.8323699473522598, 0.8416243603386855, 0.8321132367270466, 0.7797319958457596, 0.7377249097344206, 0.8345136073957039, 0.8391975286198251, 0.7030170801356679, 0.7702211972784784, 0.7705382403229012, 0.6981037838641041, 0.8323765713229656, 0.8052201049774594, 0.7090788564988523, 0.8938623335693763, 0.6812662591984866, 0.6743028008664746, 0.9320066261186067, 0.7542662191309619, 0.9117429968701508, 0.7392896427443856, 0.732256850106708, 0.8472222284198523, 0.8934049058271332, 0.8076673203121927, 0.7588183575784508, 0.9207373357954479, 0.8104191046343847], "final_acc": 0.8382}