{"loss": [2.193421696038307, 2.141788108968168, 2.161851066153739, 2.0353877988765867, 2.0804179808022565, 1.9459403380586142, 1.9545805453182767, 1.9255359681088968, 2.0380829304423997, 1.787640955618968, 1.9295783947037857, 1.7964622529812457, 1.8851620852393338, 1.7069452731655832, 1.6472311355052804, 1.715995171413846, 1.6563381634144545, 1.4929078615022229, 1.515792077661919, 1.711024913825173, 1.421139811450737, 1.5845281743708823, 1.356362240286208, 1.3101812603111116, 1.4558689457336396, 1.566316443308978, 1.4101807321767248, 1.641356408496841, 1.2087925986986277, 1.3848103941842225, 1.4383747100283604, 1.1667910824454173, 1.2676929183858958, 1.2449649783997545, 1.2754280325060317, 1.045818881190562, 1.0272852998780788, 1.139464393358137, 1.288162838960725, 1.3014380192211146, 0.9059890184800747, 1.190435568542404, 1.4981082911470107, 1.3654320818948371, 1.1330140861354225, 1.2199650875941885, 0.9079930969200992, 1.1882526226849017, 0.9238485684725755, 0.926414791463892, 0.9912372773901801, 0.7100619336884467, 0.9306404737182675, 0.8783677477629382, 0.838064868933899, 1.2290244424243704, 0.6018627332257372, 0.9873768420699025, 0.8872992234202413, 0.8070415399275781, 1.0851581489631066, 1.2259873073132346, 1.3447007098378385, 0.9148391911925653, 0.9562762197103398, 0.6096136566615958, 0.9511177906556653, 0.8914937938642375, 0.7965712767611092, 0.8240584673449503, 0.6986613567156474, 0.5432130419430591, 1.4772848863376022, 0.7196465385464044, 0.8109581432414263, 0.44325750862484997, 1.1745347473158765, 0.7005873300763412, 0.9545232890229067, 0.8988703654497616, 1.092093486191248, 0.8110133105142371, 0.9053090496807341, 0.6218723926063523, 0.48420087604027595, 0.8226123007021127, 0.7608000352340845, 0.6826600377785412, 0.527615809049638, 0.5703407192405343, 0.6615099581278712, 0.8406798975236012, 0.6874042379735327, 0.8564629313617873, 0.9416260672299588, 0.8173376116741015, 0.6391000261615928, 0.5799926332798541, 0.7522195878907099, 0.6002854824793775], "acc": [0.30273920653640535, 0.4303055974922075, 0.3539118244247027, 0.5615534743367324, 0.44271431662261584, 0.6391076243949038, 0.6086478911523264, 0.6039000625305729, 0.45688497776999126, 0.7696366919110459, 0.49192758903104206, 0.7239823366361329, 0.5594300346697777, 0.7462952599352781, 0.7845453202117091, 0.6856399803053468, 0.7124505028554746, 0.8335675863699264, 0.7623994692351079, 0.5905098332341491, 0.7981907562541384, 0.6927894168784745, 0.8203755637121208, 0.8443565202877978, 0.7049266330580208, 0.6642253660081138, 0.7562129187732051, 0.5951403689301135, 0.8385084069620988, 0.7475145249423555, 0.7273521067839318, 0.8632023772978413, 0.7905602453400882, 0.7978198808909638, 0.776863204160487, 0.8725959049899616, 0.8245869795886838, 0.828455853901379, 0.7057366012795798, 0.6616756456351336, 0.9047531045522896, 0.7734161173424539, 0.5505580485931465, 0.628753258980441, 0.7383860958002021, 0.6906636647769264, 0.8567871620341976, 0.7223192160865418, 0.8430807349537507, 0.8663303805653392, 0.7834436635405271, 0.9013125208372996, 0.8210199415420699, 0.8257753339042445, 0.8390132753901466, 0.6764592668198102, 0.9151041654204684, 0.7508703959172652, 0.808648943833674, 0.814255041226824, 0.7327050235064924, 0.63512034382288, 0.5546285288529023, 0.788787053225818, 0.7894264376791575, 0.912226303147369, 0.730545748520699, 0.7525474982248761, 0.8243064925146754, 0.810427509294628, 0.8403183905952807, 0.9028165237427483, 0.46248991391565186, 0.8124029239404484, 0.7978530418469101, 0.930209022811636, 0.6205867311387595, 0.8194378380152997, 0.7397614905053281, 0.7722025817639696, 0.6709905687368141, 0.8189532019847042, 0.7737792063955289, 0.8491110993780693, 0.9185565390929818, 0.7791835013321555, 0.8262980457541492, 0.8468437693018355, 0.910753775154102, 0.8786950164730375, 0.8272743615185719, 0.7554212821781033, 0.8058028664276357, 0.7661648783074476, 0.72655738343958, 0.7590544776052034, 0.8310055903062628, 0.8817797628077719, 0.7694391178978497, 0.840003991567757]}