{"loss": [2.301314377784729, 1.9430992388725281, 1.8308097577095033, 1.7528916263580323, 1.6889531850814818, 1.6455935168266296, 1.6149120736122131, 1.58520583152771, 1.5613266277313231, 1.5408584475517273, 1.5169847893714905, 1.5035888957977295, 1.4919249844551086, 1.47689866065979, 1.4633810257911681, 1.4456315183639525, 1.4305099511146546, 1.4191529107093812, 1.4134754753112793, 1.4000854039192199, 1.3832347106933593, 1.3676428866386414, 1.3610876131057739, 1.3483572125434875, 1.339531011581421, 1.3319503498077392, 1.3186831450462342, 1.3099213123321534, 1.2984103846549988, 1.2867951464653016, 1.2797049975395203], "acc": [0.12199170485138894, 0.30514523953199385, 0.3390871465206146, 0.3639834105968475, 0.3866390109062195, 0.4029875576496124, 0.4129460632801056, 0.4273029088973999, 0.43244813740253446, 0.44207469284534456, 0.45053942322731017, 0.45344398736953734, 0.4583402538299561, 0.4614107936620712, 0.46622407138347627, 0.4747717922925949, 0.47966805994510653, 0.4830705511569977, 0.48713694214820863, 0.4897925424575806, 0.49651453852653504, 0.49991702795028686, 0.5053112214803696, 0.5063070714473724, 0.5127801012992859, 0.5190041720867157, 0.5255601865053177, 0.5254772019386291, 0.5302074921131134, 0.5362655848264695, 0.5383402734994889], "avg_client_acc": [0.5383402734994889, 0.03143476254560018], "avg_client_precision": [0.5346980829862651, 0.03194327351305809], "avg_client_recall": [0.5385888446465745, 0.03260718611087031], "avg_client_f1": [0.5300807354148042, 0.03218041949881853], "final_acc": 0.5383}