{"loss": [2.3018982505798338, 1.953184940814972, 1.8406243562698363, 1.759728317260742, 1.7123355054855347, 1.6704992055892944, 1.6328560972213746, 1.6004820585250854, 1.5750090885162353, 1.5430976200103759, 1.514693706035614, 1.4995747709274292, 1.480546543598175, 1.4608863115310669, 1.4525046801567079, 1.4348910093307494, 1.418084945678711, 1.4072435474395752, 1.4049909448623656, 1.3907887315750123, 1.3774174690246581, 1.3740750432014466, 1.360117063522339, 1.3543168449401854, 1.3420079255104065, 1.3399260091781615, 1.3286385083198546, 1.3241666293144225, 1.3121116042137146, 1.3065892148017884, 1.295420870780945], "acc": [0.10331950396299362, 0.29668050885200503, 0.3331950306892395, 0.36298756003379823, 0.3832365214824677, 0.3914522886276245, 0.4048962712287903, 0.41668050348758695, 0.429294610619545, 0.43925311625003816, 0.4501244854927063, 0.45651452779769897, 0.46381743252277374, 0.4707883894443512, 0.475269718170166, 0.47817428469657897, 0.4841493880748749, 0.4857261514663696, 0.4873859041929245, 0.49626557528972626, 0.4971784371137619, 0.5023236656188965, 0.5082157856225967, 0.5092946231365204, 0.5114523017406464, 0.5165145415067672, 0.5193361186981201, 0.524896286725998, 0.5296265780925751, 0.5295435905456543, 0.533692969083786], "avg_client_acc": [0.533692969083786, 0.029538095533886633], "final_acc": 0.5337}