{"loss": [2.297745819091797, 1.954230728149414, 1.8625876808166504, 1.8008797478675842, 1.748827841281891, 1.6995003819465637, 1.6480206274986267, 1.6140065574645996, 1.5858344912528992, 1.5649587106704712, 1.5441577434539795, 1.529162974357605, 1.5131631302833557, 1.4998120737075806, 1.495245440006256, 1.4794372630119323, 1.4713976287841797, 1.455212526321411, 1.4471352791786194, 1.4397790694236756, 1.4328917503356933, 1.4216120290756225, 1.4179900288581848, 1.4091564178466798, 1.403895881175995, 1.3920172595977782, 1.387131175994873, 1.37424218416214, 1.36340505361557, 1.3611827516555786, 1.3560617470741272], "acc": [0.1419917057454586, 0.29551868349313737, 0.32871370315551757, 0.3458921253681183, 0.3642323732376099, 0.38290457129478456, 0.40116183161735536, 0.4134439885616302, 0.42630705833435056, 0.4312033236026764, 0.4392531156539917, 0.4427385926246643, 0.44970954716205597, 0.45651452720165253, 0.4599170160293579, 0.463734444975853, 0.46846473693847657, 0.4738589298725128, 0.4761825788021088, 0.4804979354143143, 0.4842323762178421, 0.48556017816066743, 0.48879669189453123, 0.49178424656391145, 0.4954356974363327, 0.4974273991584778, 0.4999170261621475, 0.5039004302024841, 0.5073029220104217, 0.5089626729488372, 0.5136929672956466], "avg_client_acc": [0.5136929672956466, 0.02939916129690358], "final_acc": 0.5137}