{"loss": [2.291110363372227, 1.3126367356488107, 1.1357869184692047, 1.0913304849533678, 1.0666809087130507, 0.9972345994074837, 0.8948265719776372, 0.9497578665299359, 1.766455936089416, 0.962752581394998, 1.0053464058183847, 1.278834585986487, 0.8501642927854788, 1.0430451677313424, 0.9929237107077026, 0.9218102752388052, 0.9765916228023671, 1.2003955434540379, 1.1240294262307275, 1.0285257693296703, 1.0365095088422853, 1.1447973874695425, 1.1267582946340897, 1.1494957833009074, 0.9089191759207428, 0.8482908259150244, 0.9142846548036654, 1.07580727625388, 1.123393341190688, 0.992512400020866, 1.1324115512215063], "acc": [0.09970426872943343, 0.5163709331582406, 0.5264047293042049, 0.5453105163904096, 0.5627376433409967, 0.6100549208850965, 0.6137515838778518, 0.6212505288815569, 0.535699199661644, 0.6284326130786323, 0.6319180413746964, 0.5972750304549316, 0.6859949288813434, 0.6833544554535881, 0.6637093350794883, 0.6873679769457167, 0.666349811988588, 0.662336290398881, 0.6861005507072769, 0.7012040591127872, 0.6928601564110005, 0.6821926507924144, 0.6985635820777798, 0.7004647242573429, 0.7144064236106528, 0.7285593588064126, 0.7167300402199008, 0.7003591051447174, 0.6816645536932151, 0.6848331251235567, 0.6835656947584962], "avg_client_acc": [0.6788658714294433, 0.15114140870857146], "avg_client_precision": [0.7030014736291638, 0.22370981236689336], "avg_client_recall": [0.6685861995452044, 0.15024926810126474], "avg_client_f1": [0.6023557780753173, 0.2151815272144047], "final_acc": 0.6836}