{"loss": [2.303964023656567, 2.6118656571247834, 3.8089237502470366, 3.79293572978224, 3.6091033061521687, 2.8156929381622966, 2.918069296929219, 4.979760481182361, 3.0663883928060027, 3.1502995174873916, 3.484850280990971, 4.546691736089161, 2.6130380485321734, 3.787396433575525, 3.794547225208186, 4.419479462004534, 2.2115743779209427, 2.6353124234814356, 3.687335287726374, 3.3265999630880496, 5.7969682492130055, 3.3757323472244005, 3.3207194810937013, 2.226099211453485, 3.0996036350500447, 3.053313453746688, 3.537504708635993, 3.5102104892899932, 3.190494915730952, 3.9635461108010683, 2.8353343606750623], "acc": [0.10160540837210646, 0.1095268270398703, 0.11301225158383965, 0.14247993249516977, 0.12463033232144637, 0.12663709219146943, 0.15293620515178596, 0.11459653631752152, 0.2055344328718645, 0.1511406851582226, 0.09664131759834702, 0.14195183853106907, 0.17025771104614792, 0.10583016440265643, 0.13677651064161936, 0.15494296637438096, 0.20458386229269718, 0.15631601122152067, 0.14100126600387555, 0.11100549341450329, 0.09220532252026166, 0.15790029766744718, 0.15525982215906914, 0.21504013493372245, 0.17173637629592461, 0.1781791294069137, 0.17110266057223775, 0.11892691078335346, 0.1487114476575113, 0.14786649837831833, 0.2463033371009377], "avg_client_acc": [0.2482610198389739, 0.22568051728795566], "avg_client_precision": [0.18362459696812639, 0.20147615048192505], "avg_client_recall": [0.2444451868170097, 0.21952125298741623], "avg_client_f1": [0.20522092724640575, 0.20447652641321046], "final_acc": 0.2463}