{"loss": [2.292217408195547, 1.5941544556396139, 1.2107985523754805, 1.2416164745786396, 1.0712802536096258, 1.0539445733036932, 1.3340068149967037, 1.2230372195335497, 1.4702157229562827, 1.9722034915192599, 1.6093520426648198, 1.5293728392563342, 2.0987963886875667, 1.940122979999621, 1.599799702508217, 1.7120935834210838, 1.629709041686465, 1.862031482528371, 1.9044808096110342, 2.3379279846190952, 2.6155706547644506, 1.474194811242363, 1.6249017426873946, 1.848703083156104, 1.752096486751999, 1.7805917095385073, 1.342504415848384, 1.7468005489568998, 1.9901165061885664, 2.187020458850772, 1.9317747852157126], "acc": [0.1399450781926305, 0.5132023643247428, 0.5282002510648515, 0.5603084026835465, 0.5834389484169163, 0.5590409763506761, 0.5541825079507449, 0.5622095471955474, 0.5504858451562941, 0.5649556402175246, 0.5878749437847367, 0.5650612565381495, 0.5755175308280722, 0.5781580046996518, 0.5680185886893546, 0.5773130564761152, 0.6130122518049649, 0.5950570309689692, 0.6123785395057181, 0.5925221788540741, 0.5933671300647679, 0.607942540518055, 0.613857199354896, 0.5987536964310868, 0.6119560613806458, 0.5869243732096023, 0.6032953069123932, 0.6137515838337841, 0.6079425429732527, 0.5970637941655097, 0.6169201499476783], "avg_client_acc": [0.6164327883720397, 0.12492571427568078], "avg_client_precision": [0.5266494820870142, 0.2606471009405105], "avg_client_recall": [0.5993658532048427, 0.12354974902476949], "avg_client_f1": [0.5075770790810253, 0.19195761893231103], "final_acc": 0.6169}