{"loss": [2.296384894878088, 2.2684448474713603, 2.986811731641787, 2.935439228381998, 2.6156296793058242, 1.7888579117720471, 1.9004696998721595, 3.085137551375769, 2.3074846886095237, 1.8845966249314048, 2.100256328554812, 3.182753287107823, 1.6679117869086844, 2.0458050695183814, 2.7456909622579975, 2.4351216371760973, 1.6453361505060997, 1.7432047968795645, 2.253000108272555, 2.0536374913699325, 4.868036929695829, 2.5403763900515295, 2.322248748777081, 1.5620169764487715, 2.015522098674722, 1.6688891055654966, 2.412865811024832, 2.1167452421667305, 1.9359035374660456, 2.6837227142116515, 2.0344059699552193], "acc": [0.1270595707380369, 0.2069074785549616, 0.13540346508024928, 0.1657160955155052, 0.2375369670095192, 0.44201520846721476, 0.34864807770572553, 0.17986903243344457, 0.34843684148388065, 0.34252218135845436, 0.17025771032311385, 0.2603506522160102, 0.34495141629045445, 0.2585551309410914, 0.2995352775956625, 0.24155048558418254, 0.4344106437568563, 0.27587663429084164, 0.19000845046288617, 0.37061681307106265, 0.12811575689595814, 0.3295310533441836, 0.258766370655691, 0.4384241661587655, 0.37399661935193845, 0.42712294092791586, 0.41360371790426564, 0.35012674130232596, 0.32076468312228357, 0.1939163492397607, 0.43388255119141167], "avg_client_acc": [0.43535644695162773, 0.17997149478339455], "avg_client_precision": [0.3344548105313627, 0.2143826618158883], "avg_client_recall": [0.4287190797144004, 0.1697599840036896], "avg_client_f1": [0.3514236389712625, 0.17223652123527103], "final_acc": 0.4339}