{"loss": [2.2875138508467487, 1.7784276583016556, 1.3320593624352561, 1.0116051374805355, 0.7982873990018172, 0.6581033484791522, 0.5685765746649474, 0.5055151721336664, 0.46211077594248, 0.42957700840943225, 0.402724019318713, 0.38286729679837345, 0.3655277530069453, 0.3522932820260737, 0.3408628594196564, 0.33016744931609604, 0.3218222708358459, 0.3149583604836379, 0.3067406108476937, 0.29911725456392213, 0.29434471200369433], "acc": [0.1376512463512794, 0.6511032026009204, 0.7560854114671619, 0.799074731687634, 0.8301067605985866, 0.8511743733042924, 0.8656227735437957, 0.8730249075278693, 0.8823487597003951, 0.8867615660314458, 0.8911743781320565, 0.8945907482048795, 0.8965836276787456, 0.8985053418369904, 0.9013523140411784, 0.9035587215338737, 0.9056227824441903, 0.9077580127427587, 0.9095373701370484, 0.911245553391684, 0.9130960832286984], "avg_client_acc": [0.9129588723182678, 0.02109722118035564], "final_acc": 0.9131}