{"loss": [2.3081673700190097, 1.7893716456627082, 1.3467225268218017, 1.0194569796005601, 0.8014530741447231, 0.6583492271840784, 0.5635721838347004, 0.5008794509431221, 0.4556059285415025, 0.4229666646052934, 0.39769848430283977, 0.37677793647046615, 0.3605659193627775, 0.3474002012154386, 0.3351064592705927, 0.3250210270550752, 0.3164518857659818, 0.30898471807669914, 0.30280500347079753, 0.295362249557658, 0.2894611320885899], "acc": [0.0886121018289247, 0.6520996458165587, 0.7594306055337084, 0.8003558721406604, 0.8300355859498536, 0.8533807809666807, 0.8682562204442414, 0.8767971589471946, 0.8847686792607834, 0.8896085438355008, 0.8928113863985734, 0.8953024948619014, 0.8982918200967999, 0.9006405726446376, 0.9029181508831282, 0.9049110357871684, 0.9066192142904017, 0.9083274046721408, 0.9099644183688317, 0.9116014232414897, 0.9133096081930547], "avg_client_acc": [0.9131839823722839, 0.01939083101443345], "final_acc": 0.9133}