{"loss": [2.334660824507581, 1.8013345020097347, 1.3549451682067002, 1.0359430112448451, 0.818830075552455, 0.6729056645542701, 0.5781690767863467, 0.5133858544334398, 0.46628981243248935, 0.43257756973500777, 0.4055347936221289, 0.3840863858677738, 0.3685356402312309, 0.35442550383852894, 0.3435067281392121, 0.33328930334688506], "acc": [0.06640569583058782, 0.6393594330740144, 0.7454092533562956, 0.7922419928995316, 0.8268327376172212, 0.8497508845719578, 0.8635587203120846, 0.8733096087954647, 0.8811387884659275, 0.8856939495246181, 0.890320281329104, 0.8935943065164776, 0.8964412839811468, 0.9003558723527766, 0.9022775805717685, 0.9036298992370796], "avg_client_acc": [0.903491348028183, 0.022419484428793927], "avg_client_precision": [0.9037969137852049, 0.022985607592721894], "avg_client_recall": [0.9025279282739592, 0.022271107746056083], "avg_client_f1": [0.9012989167603265, 0.022936786539386016], "final_acc": 0.9036}