{"loss": [2.302422018868867, 2.509110862702445, 4.0229773783405625, 4.051762690458648, 3.7984210365831452, 2.8914213815258245, 3.1594723465093724, 4.560671873555332, 3.1781459318712972, 2.7481201565560767, 3.0018205699687277, 4.397784753309575, 2.5278778025007878, 3.526933110111931, 3.3742434014340543, 3.4184240708990656, 2.4600609414640577, 2.7180451729950503, 3.266544331842137, 3.3469612885955207, 5.690656183013131, 3.5200940577929356, 3.634065730487171, 2.2709894231744525, 3.226276683539398, 2.832353626823534, 3.2925112651125548, 3.2353721832139075, 2.9587201128464593, 4.05556300281065, 3.2686333450072067], "acc": [0.1063264728717511, 0.10803376514047495, 0.09181447311430918, 0.1455942315066165, 0.13108223564601268, 0.11201745149284886, 0.12292516426493606, 0.11410414501314432, 0.21350659122619006, 0.13734231289069104, 0.11087925531145708, 0.15166461173691267, 0.16646115835496356, 0.10556767511355643, 0.17016029600727142, 0.1699705974439239, 0.15479464950509045, 0.1597268326792954, 0.12472730759260246, 0.11789813189536126, 0.09760030364091402, 0.16266717233154565, 0.14663757810833425, 0.21777482689547775, 0.1668405565441596, 0.1982357974903469, 0.21711088056480604, 0.14236934596774595, 0.17822251781039658, 0.13800626011593772, 0.19017357595951634], "avg_client_acc": [0.1928998820995912, 0.25114829410452527], "avg_client_precision": [0.15567968262814375, 0.2370155682853289], "avg_client_recall": [0.20651611370538647, 0.25549405209534465], "avg_client_f1": [0.16849701193853936, 0.23917515874374826], "final_acc": 0.1902}