{"loss": [2.3058716749699464, 1.3282911235044885, 1.0294699087706483, 0.9685132305637705, 0.9941007175420002, 0.9595539125575973, 0.9937052826783943, 0.8958842736612085, 0.8140446490805232, 0.7053593950220499, 0.7914792910779347, 0.6583501405488899, 0.7551294760585091, 0.8427038594485347, 0.8507212743630934, 0.789913537077034, 0.8598102576042006, 0.8772671903252749, 0.7749930289818215, 0.7418052266636938, 0.6995587868832054, 0.8432337669474592, 0.6284198016479483, 0.6632615399902826, 0.6587653999241323, 0.8104116083658546, 0.6192701543224364, 0.621906776374458, 0.635306276750612, 0.5835580362333334, 0.6697651423265842], "acc": [0.11685478468708688, 0.5545859837638328, 0.5712795238657468, 0.596699232147392, 0.6074172420518895, 0.6344493994572171, 0.6297069139637984, 0.6584463641634026, 0.6779853938472324, 0.732049704463005, 0.7246514303424401, 0.7458029035021252, 0.7393531246688688, 0.7200986443508466, 0.7157355619824658, 0.7501659854747624, 0.7363179366027541, 0.7405861712752625, 0.7447595568950631, 0.7562363652987146, 0.7545290746386268, 0.7667646781154231, 0.7762496505382447, 0.7676183319765691, 0.7678080221049238, 0.7338518493996166, 0.7776723889746906, 0.7916152884880348, 0.7858294612891216, 0.7770084389063616, 0.786303713664739], "avg_client_acc": [0.7872904527187348, 0.11588318634115682], "avg_client_precision": [0.7465214853178906, 0.2111695374394287], "avg_client_recall": [0.7525417958471408, 0.14085214537666374], "avg_client_f1": [0.7287110413974581, 0.18312730390341914], "final_acc": 0.7863}