{"loss": [2.2887638206331777, 1.1840719293283917, 1.094946662208042, 1.0202358520049066, 0.9908276556972578, 1.0051892970506757, 0.9436276421356526, 1.1307964647991047, 0.9337469936774011, 0.9888399480716176, 0.861682246941877, 1.0530418562041644, 1.3391444658128968, 1.078362013973288, 1.6769125772887272, 1.4608412806793056, 1.0572462113229462, 1.1454818425377644, 1.4316977606200294, 1.5909861276240884, 1.984051082608687, 1.6498919736074902, 1.2393739785605788, 1.615779454512715, 1.6202697316552999, 1.9150495494801643, 1.51150767636471, 1.1694978365893158, 1.279137520763868, 0.9901773127692142, 1.2782261864398174], "acc": [0.1374371619606243, 0.5385563918900401, 0.5838945288528056, 0.5891112558904799, 0.5796262954162893, 0.6038129559891122, 0.6096936364511628, 0.6040026518773034, 0.6326472564555092, 0.6435549683740975, 0.6682158813953264, 0.6655600912389138, 0.6563596736827363, 0.666887983059302, 0.6351133494577044, 0.6461159096212594, 0.6828227288908653, 0.6671725320039252, 0.6634733958679868, 0.6683107318472706, 0.6540832779252144, 0.6603433586587085, 0.6769420478394392, 0.6781750943412436, 0.6675519320336825, 0.6691643749102688, 0.7100445809727725, 0.6946789353540361, 0.6609124512930449, 0.7063454433895431, 0.6902210031386334], "avg_client_acc": [0.687636649608612, 0.1486478377300415], "avg_client_precision": [0.6742282573986056, 0.2115698026421219], "avg_client_recall": [0.6655732615551041, 0.13478861677094114], "avg_client_f1": [0.6114041240389182, 0.20000228579394386], "final_acc": 0.6902}