{"loss": [2.295338564259181, 2.211406257825774, 3.188316501200024, 2.8355144500325373, 2.0192383052750307, 1.95018239761568, 1.7878597477779752, 3.3323281759681165, 2.312737595647175, 1.9221237345301743, 1.993487238830264, 2.965502159753561, 1.5575203034034957, 2.394866661985651, 2.6136402725596746, 2.3835381346342293, 1.7744697228980044, 1.718066245014998, 2.3092901007303483, 2.2955961417487005, 3.7553299369095603, 2.43151267660554, 2.5175323700481966, 1.5586468054438003, 2.2412889762620347, 2.0714199456105273, 2.2654065817727385, 2.183688927310745, 2.1150437531554473, 3.097778904441411, 2.5371646514701447], "acc": [0.09190932335963636, 0.3833823400230434, 0.13070283534912844, 0.1727212369796212, 0.3225837058933523, 0.36279996509764373, 0.3818647441433738, 0.1626671719322686, 0.47861140043590716, 0.27240823273117065, 0.2613108217691306, 0.25505074552388163, 0.40927629785506753, 0.25002371407617746, 0.2915678628264796, 0.2681400004022066, 0.33975149554507084, 0.29080906564856174, 0.18808688270413942, 0.359859621634771, 0.1250118558031566, 0.3650763502646067, 0.22251730976250145, 0.45148439801975704, 0.33538840931704117, 0.40453381297390306, 0.3851844811617528, 0.38489993554084606, 0.2584653328275597, 0.1575452917052996, 0.4030162216023983], "avg_client_acc": [0.3846636992879212, 0.3151838481494761], "avg_client_precision": [0.3284300841180203, 0.3205757998602678], "avg_client_recall": [0.3933275175860246, 0.3035463682964449], "avg_client_f1": [0.338140669289696, 0.3061129487283881], "final_acc": 0.403}