{"loss": [2.3014810476796086, 1.8625549460987356, 1.515969814421234, 1.2190812033297969, 1.0477057373544962, 0.9283396192837952, 0.8552122768786289, 0.7778514513155569, 0.7347609359291573, 0.7100383615260031, 0.691949510671557, 0.6691148392694094, 0.5969368564885993, 0.5677497882341531, 0.5553216432961976, 0.5440294815687572], "acc": [0.12748663075822747, 0.6242424217519913, 0.7585026683441883, 0.7641354727426315, 0.7558645300707928, 0.7396078425465208, 0.7478787856157239, 0.7855971512692498, 0.8064171103530177, 0.7999286988414758, 0.801996430532605, 0.79821747100077, 0.8300178295660784, 0.8444919760979434, 0.8461319088574611, 0.8445632814383549], "avg_client_acc": [0.8167239588499069, 0.14482766357266658], "final_acc": 0.8446}