{"loss": [2.2198545582154217, 1.52477136481042, 1.1143884350229287, 0.8028836510313173, 0.6571691716886034, 0.5818170035969127, 0.4829668963656706, 0.42087596265921196, 0.41485724928863543, 0.3704693065724483, 0.34006931581492944, 0.3596094399483446, 0.2881912318297036, 0.2975357363371713, 0.2844489905408147, 0.2761343407965599], "acc": [0.20798574295178812, 0.6954010743221497, 0.7651336924171278, 0.8300891259179821, 0.8568984003203013, 0.8468449157550798, 0.8791443873726748, 0.912442064820764, 0.9025311895955268, 0.9158645274209891, 0.9247771898692942, 0.9120142584646025, 0.940392155379535, 0.9336898362742814, 0.9353297721128413, 0.9400356476362164], "avg_client_acc": [0.926283231973648, 0.05037172300481365], "final_acc": 0.94}