{"loss": [2.2412040220862406, 1.4554753207735411, 0.7867632001457793, 0.4482461786291391, 0.2810933111286631, 0.18759502732844063, 0.1333440684068968, 0.10804844958033685, 0.09917848878677887, 0.08636522651737998, 0.14643544430623692, 0.09528748736243675, 0.0923803012981453, 0.11569699328817733, 0.11584971803108499, 0.11661981392165151], "acc": [0.17140819985034367, 0.823244208059209, 0.9277718308073951, 0.9491622087173496, 0.9650623856763789, 0.9739037435237524, 0.9746167564859577, 0.9748306589458078, 0.9746880531906019, 0.9777540122506453, 0.9719786094599229, 0.9751158618544512, 0.9742602488743856, 0.9734046323839144, 0.9719786119036071, 0.9700534793017382], "avg_client_acc": [0.9220699656009674, 0.101859295776275], "final_acc": 0.9701}