{"loss": [2.2739940375397762, 1.8240238291524524, 1.4633828817629346, 1.1872148837550227, 1.0147141895553433, 0.9257551417248772, 0.8519061918001549, 0.7796999403478415, 0.7378314808138552, 0.7247100326147946, 0.7040237399468235, 0.6841209819094808, 0.609340923314851, 0.5853353856729738, 0.5732301545589366, 0.5622012742498554], "acc": [0.17283422588239591, 0.6096256711284851, 0.7250623871893381, 0.7207843185151112, 0.7474509814397536, 0.7307664866965935, 0.7475935914299705, 0.786310161373407, 0.795650622621577, 0.7923707651879486, 0.7972905528120391, 0.7922281676902703, 0.8272370726475741, 0.8400712999706812, 0.8402139033119521, 0.8433511580502924], "avg_client_acc": [0.812260948419571, 0.16947503597433533], "final_acc": 0.8434}