{"loss": [2.248163810337931, 1.504745369960081, 1.0618682750770985, 0.7434919707813872, 0.6137772773146952, 0.5491436671927247, 0.45604017487388865, 0.40019283906150166, 0.4341348537182682, 0.38289940342228473, 0.35269245452691245, 0.3762886245502192, 0.2924554378254283, 0.3159396966605099, 0.29638254183292617, 0.28519349448137443], "acc": [0.2166690450224377, 0.6870098325047941, 0.8020818470085499, 0.8676743202095244, 0.8686724699004204, 0.8517752800550608, 0.8832881798056449, 0.907029803581488, 0.877014118816311, 0.8990446389503389, 0.9135890527677897, 0.9066020301272929, 0.9388991883328685, 0.9274205044241276, 0.9314130965456139, 0.9351917891041386], "avg_client_acc": [0.9279172372817993, 0.05286675587208749], "final_acc": 0.9352}