{"loss": [2.2876559126892153, 1.4800879683870911, 0.8223344555458498, 0.46816012964266673, 0.2939939967391283, 0.20325369878134092, 0.16556393669972097, 0.15121308956643187, 0.16356333586312038, 0.17428974205574652, 0.17166141932224316, 0.19745589621945006, 0.27144638911325225, 0.2972847975892287, 0.30300784613834886, 0.2625187396404522], "acc": [0.13952659392563668, 0.8790817056549747, 0.940966773420704, 0.9562241531643976, 0.9625695165988808, 0.9637102514832604, 0.9634250709737875, 0.960002854001109, 0.9555824911324118, 0.9506630538474743, 0.9537287884689714, 0.9505917602797029, 0.9487380580369712, 0.9331241963755535, 0.9426065836604814, 0.9467417648553202], "avg_client_acc": [0.9045074665546418, 0.11175188571300568], "final_acc": 0.9467}