{"loss": [2.2684188972572685, 1.8341038304168726, 1.477383413745557, 1.1922394724914152, 1.0151827240082025, 0.8966291880668799, 0.8320463047049855, 0.7588443331442732, 0.7338421530761308, 0.7173105619702226, 0.6956144945129474, 0.6796296402343488, 0.5936858982429956, 0.5756916530620486, 0.5541209549887849, 0.5443797866582369], "acc": [0.17895337238473027, 0.6912163096471705, 0.7848994717412, 0.7592328534488516, 0.7881078013004734, 0.7746328210398931, 0.7842578044716036, 0.7964494440140983, 0.797804077316177, 0.7903179849201698, 0.8014401787041802, 0.7946670549530863, 0.8380151161318173, 0.8426493664394172, 0.8473549115599163, 0.8493512104020111], "avg_client_acc": [0.8314568448066711, 0.16267599112233241], "final_acc": 0.8494}