{"loss": [2.3201192071769983, 1.8576237879652076, 1.4857953235594128, 1.174788679182317, 1.005929066738626, 0.8880012085429956, 0.8178715404894898, 0.7526559146867743, 0.7148290332196936, 0.7004087319769976, 0.6828740767695824, 0.6689523163480127, 0.5866374303514406, 0.5669569520793167, 0.5517895761290325, 0.5392717966945589], "acc": [0.10181092277588077, 0.6440895471281525, 0.7588763730992235, 0.7719235648918336, 0.7825466954561914, 0.7599458147005537, 0.7747754224519086, 0.8012975885354978, 0.8005133323072877, 0.7970198247989149, 0.8006559257768333, 0.8012263006334823, 0.8365891946568123, 0.8424354770361451, 0.8411521450637003, 0.8460002880244406], "avg_client_acc": [0.8259449729323387, 0.1862874227175092], "final_acc": 0.846}