{"loss": [2.2688957654679904, 1.1432283603949365, 1.0907204751724513, 1.2699504800636432, 1.0980257207952104, 1.0641135317639727, 0.9617096228582129, 1.0139618099488008, 1.0167198998305498, 0.9332856859469937, 0.8558414830424231, 1.348065029634268, 1.526514251797823, 1.1960395312261758, 1.41761570520482, 1.312818387253414, 1.1660088828742499, 1.4692563247704418, 1.6672531690189425, 1.3528627607003256, 1.2978052075848723, 1.513914749398156, 1.574181146759249, 1.9038448694102599, 1.9279539627559, 1.4680797515255144, 1.8590318828167958, 2.3028349511644195, 1.963870923979955, 1.733052123375099, 2.0367028667740943], "acc": [0.15931302997988736, 0.6476895369137585, 0.6281430927034641, 0.6112534450148821, 0.6110636698929903, 0.655375275542087, 0.6720751519164275, 0.6534775615654675, 0.6533826736475102, 0.6860233410232851, 0.708226588308749, 0.6989277873814971, 0.6388651721885732, 0.6844102915046631, 0.6722649230836227, 0.6937090804335039, 0.6980738204998721, 0.6959863341740316, 0.7007306160403334, 0.7074675023165518, 0.7189486686775496, 0.7093652089832743, 0.7168611864152766, 0.7179049190120731, 0.6874466276743435, 0.7348894596196, 0.6854540262562533, 0.7090805600683516, 0.7231236338524928, 0.7334661702750496, 0.7001613107478893], "avg_client_acc": [0.6797673010826111, 0.15491755069542484], "final_acc": 0.7002}