{"loss": [2.2805629152988773, 1.3016610230459797, 1.1821040718579656, 1.1548739115476314, 1.1644841820434257, 1.2724316310968533, 1.076190842720462, 1.2854274376111257, 1.4516780470741892, 1.487493512266014, 1.3541853022831012, 1.4120643264496957, 1.419455163363929, 1.404560626777574, 1.4820566762414418, 1.7794819197292537, 1.51656404551886, 2.089608079003297, 1.5441991323022828, 1.8434819594677423, 1.684131850371925, 1.33020534686407, 1.553835980067478, 2.128939511908538, 1.6832535631946894, 1.6169018164815776, 1.780812191079787, 1.9325406793167383, 1.9173451276943732, 1.7622150384940916, 2.0554081099695516], "acc": [0.16699876715357106, 0.600531362806589, 0.5885757715887109, 0.5772843768219079, 0.6193187220951902, 0.6044216779771945, 0.665148496243225, 0.6500616801035043, 0.647025340225147, 0.6522440479196829, 0.65613435772522, 0.6455071646529648, 0.6586962669366015, 0.6372521156025392, 0.6591707058183743, 0.6444634229286944, 0.6645791835769048, 0.6276686615052129, 0.6635354434768597, 0.6779580651209379, 0.6330771424284197, 0.6774836304812382, 0.6803302025617396, 0.6268146939550752, 0.6388651661568477, 0.6762501220365088, 0.6696081255325862, 0.6633456690605072, 0.6865926556630655, 0.68602334101056, 0.6486383909522173], "avg_client_acc": [0.6134352161176503, 0.19986849664424122], "final_acc": 0.6486}