{"loss": [2.2018660370423833, 1.3465989114638957, 0.8008738282657563, 0.4808222040348087, 0.3064603210844883, 0.1934188227889372, 0.12413567190940049, 0.0856575955408036, 0.059188411797757086, 0.043898221726003044, 0.036364920130995584, 0.03333093450116674, 0.02819639827553498, 0.02954833246367434, 0.026021827634259205, 0.024651310397384676], "acc": [0.29918003309870045, 0.8328698756308054, 0.9067379768901968, 0.9346167591038872, 0.9550802110308206, 0.968983963547331, 0.9794652443476114, 0.9848841358166115, 0.9888770083140137, 0.9910160415100329, 0.9920855620158122, 0.9925133646575738, 0.9931550750120438, 0.993297680869247, 0.9936541860966334, 0.9936541856078965], "avg_client_acc": [0.9912364888191223, 0.012870645924452256], "avg_client_precision": [0.991116650373164, 0.013016609385443908], "avg_client_recall": [0.9882216429133664, 0.019930413941035684], "avg_client_f1": [0.9894209171667911, 0.016022190385535356], "final_acc": 0.9937}