{"loss": [2.2784512902326126, 2.0253242398583313, 1.7968496664917617, 1.5757098063130641, 1.424580376624211, 1.2951810052220623, 1.214112708266831, 1.1148338960942525, 1.0458820340170154, 0.9856646605013951, 0.9571114483172881, 0.9455936481799672, 0.8249439662386814, 0.8153253138702821, 0.7555788536367144, 0.8323292158971708], "acc": [0.24648841637507107, 0.5244919772958798, 0.6272370773606972, 0.6381461674527475, 0.6944741536844223, 0.6976114076854073, 0.704242425997627, 0.7416042823757505, 0.7570053465226118, 0.7606417138075021, 0.7487344040823918, 0.7392513385133522, 0.8134046336758796, 0.7913012435113258, 0.8304456318253501, 0.7729055285900034], "avg_client_acc": [0.7547709029912949, 0.14844960701457524], "avg_client_precision": [0.7606869174245624, 0.14988486365439666], "avg_client_recall": [0.7401166357541692, 0.15130517257370157], "avg_client_f1": [0.7232665258098541, 0.15994254825526324], "final_acc": 0.7729}