{"loss": [2.3229954329743956, 2.087771675794945, 1.864199879063217, 1.6477071758260065, 1.4870830164363678, 1.3453134529178368, 1.2500936962066487, 1.146304620328009, 1.0614288705173023, 0.9888059831048078, 0.9603668556982609, 0.9596485210357503, 0.8242166365212935, 0.8089989501269743, 0.7353811113464641, 0.8471254834134311], "acc": [0.10188948502860393, 0.40648841469258123, 0.6435650638505525, 0.7023172943774817, 0.7326203252181225, 0.7489483136395507, 0.7603565064258542, 0.760998222247802, 0.7714794992019361, 0.7760427794163239, 0.7623529371369544, 0.7404634594173567, 0.8249554365076484, 0.7916577509231534, 0.8352941173325673, 0.7590730822320078], "avg_client_acc": [0.7411396878957749, 0.1620063690483167], "avg_client_precision": [0.7567932269632546, 0.15938569081091644], "avg_client_recall": [0.729255242023783, 0.15580971536446953], "avg_client_f1": [0.7122655829996745, 0.16771148689108814], "final_acc": 0.7591}