{"loss": [2.214577537390425, 1.5743553346151125, 1.0687045314477728, 0.7305004398835534, 0.5282045626024087, 0.38868063958358423, 0.2906272885941779, 0.22471368832543573, 0.1802674728270733, 0.1438132743818981, 0.11847420005821714, 0.09618417316287384, 0.08211119901541614, 0.07140925313168456, 0.060108226863219136, 0.05620516789808152], "acc": [0.22124777058016595, 0.8442067742475213, 0.9274866299790707, 0.9468092707006689, 0.9602852060705582, 0.9708377927637355, 0.9755436737567134, 0.9784670233259014, 0.9823172895198625, 0.9845276280605432, 0.9860962585629414, 0.9875935800020282, 0.9885205056025596, 0.9891622128461134, 0.989732627435164, 0.9892335121176885], "avg_client_acc": [0.9844763946533203, 0.023365008330787796], "avg_client_precision": [0.9814864923931782, 0.03320040506317886], "avg_client_recall": [0.9842082897057722, 0.01955769820352139], "avg_client_f1": [0.9820044865575217, 0.02943060839820945], "final_acc": 0.9892}